file,source_exists,rows,adj_factor_missing,zero_vol,zero_amount,nonpositive_open,nonpositive_high,nonpositive_low,nonpositive_close,invalid_ohlc
150001.SZ.parquet,True,380780,0,37355,37360,0,0,0,0,0
150002.SZ.parquet,True,208706,0,49857,49829,0,0,0,0,0
150003.SZ.parquet,True,245579,0,124782,124713,0,0,0,0,0
150006.SZ.parquet,True,173279,0,105155,105140,0,0,0,0,0
150007.SZ.parquet,True,173279,0,22646,22644,0,0,0,0,0
150008.SZ.parquet,True,632384,0,541792,541800,0,0,0,0,0
150009.SZ.parquet,True,632384,0,528001,528009,0,0,0,0,0
150010.SZ.parquet,True,171833,0,147925,147920,0,0,0,0,0
150011.SZ.parquet,True,171833,0,59308,59287,0,0,0,0,0
150012.SZ.parquet,True,612863,0,462636,462639,0,0,0,0,0
150013.SZ.parquet,True,612863,0,303481,303481,0,0,0,0,0
150016.SZ.parquet,True,620816,0,585590,585606,0,0,0,0,0
150017.SZ.parquet,True,620816,0,547743,547744,28,28,28,28,0
150018.SZ.parquet,True,619611,0,286478,286482,0,0,0,0,0
150019.SZ.parquet,True,619611,0,22575,22575,0,0,0,0,0
150020.SZ.parquet,True,421268,0,390748,390746,0,0,0,0,0
150021.SZ.parquet,True,421268,0,361592,361604,0,0,0,0,0
150022.SZ.parquet,True,595752,0,289106,289111,0,0,0,0,0
150023.SZ.parquet,True,595752,0,101039,101064,0,0,0,0,0
150025.SZ.parquet,True,172315,0,154617,154620,0,0,0,0,0
150026.SZ.parquet,True,172315,0,132124,132107,0,0,0,0,0
150027.SZ.parquet,True,288236,0,234141,234141,0,0,0,0,0
150028.SZ.parquet,True,575026,0,453839,453855,0,0,0,0,0
150029.SZ.parquet,True,575267,0,292083,292088,0,0,0,0,0
150030.SZ.parquet,True,564663,241,468503,468503,0,0,0,0,0
150031.SZ.parquet,True,564663,0,331562,331564,0,0,0,0,0
150032.SZ.parquet,True,560325,0,521039,521052,0,0,0,0,0
150033.SZ.parquet,True,560325,0,491462,491468,0,0,0,0,0
150034.SZ.parquet,True,283657,241,252168,252169,0,0,0,0,0
150035.SZ.parquet,True,283657,241,189484,189486,0,0,0,0,0
150036.SZ.parquet,True,522006,0,504168,504177,0,0,0,0,0
150037.SZ.parquet,True,522006,0,495897,495907,0,0,0,0,0
150038.SZ.parquet,True,160024,0,132645,132645,0,0,0,0,0
150039.SZ.parquet,True,351619,0,342661,342661,0,0,0,0,0
150040.SZ.parquet,True,351619,0,340744,340748,0,0,0,0,0
150041.SZ.parquet,True,167254,0,152280,152280,0,0,0,0,0
150042.SZ.parquet,True,276909,0,249703,249704,0,0,0,0,0
150043.SZ.parquet,True,160265,0,133064,133066,0,0,0,0,0
150044.SZ.parquet,True,161229,0,155912,155912,121,121,121,121,0
150045.SZ.parquet,True,161229,0,126880,126881,9,9,9,9,0
150046.SZ.parquet,True,160988,0,136151,136151,0,0,0,0,0
150047.SZ.parquet,True,480072,0,455827,455825,0,0,0,0,0
150048.SZ.parquet,True,480072,0,414650,414656,0,0,0,0,0
150049.SZ.parquet,True,501521,0,463616,463626,0,0,0,0,0
150050.SZ.parquet,True,501521,0,429053,429058,0,0,0,0,0
150051.SZ.parquet,True,520560,0,397556,397559,0,0,0,0,0
150052.SZ.parquet,True,520560,0,201249,201254,0,0,0,0,0
150053.SZ.parquet,True,460069,0,435410,435411,0,0,0,0,0
150054.SZ.parquet,True,460069,0,416727,416730,0,0,0,0,0
150055.SZ.parquet,True,461274,0,443801,443803,0,0,0,0,0
150056.SZ.parquet,True,461274,0,427804,427813,0,0,0,0,0
150057.SZ.parquet,True,378611,0,358406,358414,0,0,0,0,0
150058.SZ.parquet,True,378852,0,337995,338006,0,0,0,0,0
150059.SZ.parquet,True,514535,0,461900,461907,0,0,0,0,0
150060.SZ.parquet,True,514535,0,303484,303503,0,0,0,0,0
150061.SZ.parquet,True,171833,0,163790,163790,0,0,0,0,0
150062.SZ.parquet,True,161711,0,151912,151912,0,0,0,0,0
150063.SZ.parquet,True,161711,0,135592,135593,0,0,0,0,0
150064.SZ.parquet,True,504895,0,482085,482089,0,0,0,0,0
150065.SZ.parquet,True,504895,0,470360,470364,0,0,0,0,0
150066.SZ.parquet,True,477903,241,458154,458162,0,0,0,0,0
150067.SZ.parquet,True,477903,241,463180,463180,0,0,0,0,0
150068.SZ.parquet,True,164844,0,153722,153722,0,0,0,0,0
150069.SZ.parquet,True,171351,0,163421,163423,0,0,0,0,0
150070.SZ.parquet,True,171351,0,135467,135476,0,0,0,0,0
150071.SZ.parquet,True,170387,0,162917,162917,0,0,0,0,0
150072.SZ.parquet,True,170146,0,129594,129596,0,0,0,0,0
150073.SZ.parquet,True,415002,0,394718,394727,0,0,0,0,0
150075.SZ.parquet,True,415002,0,370281,370285,0,0,0,0,0
150076.SZ.parquet,True,356921,241,342278,342280,0,0,0,0,0
150077.SZ.parquet,True,356921,0,327817,327836,0,0,0,0,0
150078.SZ.parquet,True,170869,0,146562,146569,0,0,0,0,0
150079.SZ.parquet,True,109414,0,106976,106977,0,0,0,0,0
150080.SZ.parquet,True,161229,0,158684,158684,0,0,0,0,0
150081.SZ.parquet,True,160265,0,145387,145387,0,0,0,0,0
150082.SZ.parquet,True,163398,0,156800,156830,0,0,0,0,0
150083.SZ.parquet,True,465612,0,447092,447092,0,0,0,0,0
150084.SZ.parquet,True,465612,0,422352,422358,0,0,0,0,0
150085.SZ.parquet,True,289200,0,222130,222129,0,0,0,0,0
150086.SZ.parquet,True,289682,0,60531,60532,0,0,0,0,0
150088.SZ.parquet,True,243169,0,224083,224084,0,0,0,0,0
150089.SZ.parquet,True,243169,0,212651,212656,0,0,0,0,0
150090.SZ.parquet,True,342461,0,319585,319591,0,0,0,0,0
150091.SZ.parquet,True,342461,0,291699,291699,0,0,0,0,0
150092.SZ.parquet,True,454285,0,434508,434600,0,0,0,0,0
150093.SZ.parquet,True,454285,0,428982,428986,0,0,0,0,0
150094.SZ.parquet,True,477421,0,464788,464794,0,0,0,0,0
150095.SZ.parquet,True,477421,0,446009,446009,0,0,0,0,0
150096.SZ.parquet,True,288477,0,249013,249012,0,0,0,0,0
150097.SZ.parquet,True,288477,0,96003,96014,0,0,0,0,0
150098.SZ.parquet,True,173520,0,131188,131187,0,0,0,0,0
150099.SZ.parquet,True,173761,0,93539,93550,0,0,0,0,0
150100.SZ.parquet,True,481518,0,392958,392963,0,0,0,0,0
150101.SZ.parquet,True,481518,241,264654,264683,0,0,0,0,0
150102.SZ.parquet,True,161711,0,154307,154335,0,0,0,0,0
150104.SZ.parquet,True,463202,0,450073,450094,0,0,0,0,0
150105.SZ.parquet,True,463202,0,429485,429494,0,0,0,0,0
150106.SZ.parquet,True,405121,0,354358,354357,0,0,0,0,0
150107.SZ.parquet,True,405121,0,222467,222466,0,0,0,0,0
150108.SZ.parquet,True,290164,0,274391,274393,0,0,0,0,0
150109.SZ.parquet,True,290405,0,232128,232132,0,0,0,0,0
150110.SZ.parquet,True,151107,0,145411,145412,0,0,0,0,0
150111.SZ.parquet,True,151107,0,138004,138007,0,0,0,0,0
150112.SZ.parquet,True,318361,0,302817,302833,0,0,0,0,0
150113.SZ.parquet,True,318843,0,285758,285833,0,0,0,0,0
150114.SZ.parquet,True,161711,0,153695,153699,0,0,0,0,0
150115.SZ.parquet,True,77843,0,74404,74411,0,0,0,0,0
150117.SZ.parquet,True,459105,0,363549,363554,0,0,0,0,0
150118.SZ.parquet,True,459105,0,123567,123570,0,0,0,0,0
150120.SZ.parquet,True,166290,0,154574,154582,0,0,0,0,0
150121.SZ.parquet,True,308239,0,291639,291654,0,0,0,0,0
150122.SZ.parquet,True,308239,0,278693,278710,0,0,0,0,0
150123.SZ.parquet,True,448019,0,406600,406599,0,0,0,0,0
150124.SZ.parquet,True,448019,0,315082,315090,0,0,0,0,0
150127.SZ.parquet,True,75433,0,73727,73742,0,0,0,0,0
150128.SZ.parquet,True,168941,0,158098,158098,0,0,0,0,0
150129.SZ.parquet,True,161711,0,157295,157301,0,0,0,0,0
150130.SZ.parquet,True,428739,0,286031,286032,0,0,0,0,0
150131.SZ.parquet,True,428739,0,64154,64154,0,0,0,0,0
150132.SZ.parquet,True,111342,0,88556,88564,0,0,0,0,0
150133.SZ.parquet,True,227504,0,216554,216555,0,0,0,0,0
150134.SZ.parquet,True,227504,0,206348,206352,0,0,0,0,0
150135.SZ.parquet,True,291851,0,281633,281632,0,0,0,0,0
150136.SZ.parquet,True,291851,0,265584,265584,0,0,0,0,0
150137.SZ.parquet,True,103389,0,85993,85993,0,0,0,0,0
150138.SZ.parquet,True,313541,0,302084,302116,308,308,308,308,0
150139.SZ.parquet,True,313541,0,286711,286719,0,0,0,0,0
150140.SZ.parquet,True,236421,0,220828,220857,0,0,0,0,0
150141.SZ.parquet,True,236421,0,201140,201148,0,0,0,0,0
150142.SZ.parquet,True,143154,0,119538,119538,0,0,0,0,0
150143.SZ.parquet,True,405362,0,364567,364595,0,0,0,0,0
150144.SZ.parquet,True,405362,0,320548,320555,0,0,0,0,0
150145.SZ.parquet,True,421991,0,406404,406406,0,0,0,0,0
150146.SZ.parquet,True,421991,0,376790,376800,0,0,0,0,0
150147.SZ.parquet,True,166049,0,134131,134135,0,0,0,0,0
150148.SZ.parquet,True,429462,0,392549,392560,0,0,0,0,0
150149.SZ.parquet,True,429462,0,282785,282788,0,0,0,0,0
150150.SZ.parquet,True,427293,0,380125,380129,0,0,0,0,0
150151.SZ.parquet,True,427293,0,291491,291502,0,0,0,0,0
150152.SZ.parquet,True,425847,0,216060,216061,0,0,0,0,0
150153.SZ.parquet,True,425847,0,11155,11155,0,0,0,0,0
150154.SZ.parquet,True,230878,0,222399,222399,0,0,0,0,0
150156.SZ.parquet,True,226781,0,217129,217128,0,0,0,0,0
150157.SZ.parquet,True,408013,0,327304,327327,0,0,0,0,0
150158.SZ.parquet,True,408013,0,195587,195593,0,0,0,0,0
150160.SZ.parquet,True,168941,0,151194,151206,270,270,270,270,0
150161.SZ.parquet,True,165326,0,146440,146444,0,0,0,0,0
150164.SZ.parquet,True,362946,0,331368,331370,0,0,0,0,0
150165.SZ.parquet,True,362946,0,301125,301125,0,0,0,0,0
150167.SZ.parquet,True,401988,0,379846,379865,0,0,0,0,0
150168.SZ.parquet,True,401988,0,351933,351933,0,0,0,0,0
150169.SZ.parquet,True,389938,0,317969,318004,77,77,77,77,0
150170.SZ.parquet,True,389938,0,254965,254966,7,7,7,7,0
150171.SZ.parquet,True,397409,0,239250,239253,0,0,0,0,0
150172.SZ.parquet,True,397650,0,36484,36484,0,0,0,0,0
150173.SZ.parquet,True,353547,0,300511,300511,0,0,0,0,0
150174.SZ.parquet,True,353547,0,234900,234900,0,0,0,0,0
150175.SZ.parquet,True,391143,0,248746,248755,45,46,46,45,1
150176.SZ.parquet,True,391143,0,157945,157945,13,13,13,13,0
150177.SZ.parquet,True,389697,0,317063,317069,0,0,0,0,0
150178.SZ.parquet,True,389697,0,224629,224629,0,0,0,0,0
150179.SZ.parquet,True,389456,0,329307,329308,0,0,0,0,0
150233.SZ.parquet,True,188462,0,174181,174181,0,0,0,0,0
150234.SZ.parquet,True,188462,0,156396,156396,0,0,0,0,0
150235.SZ.parquet,True,331375,0,281086,281086,0,0,0,0,0
150236.SZ.parquet,True,331375,0,195245,195245,0,0,0,0,0
150237.SZ.parquet,True,324386,0,311033,311033,0,0,0,0,0
150238.SZ.parquet,True,324386,0,299450,299450,0,0,0,0,0
150241.SZ.parquet,True,234493,0,203599,203599,0,0,0,0,0
150242.SZ.parquet,True,234493,0,187985,187985,0,0,0,0,0
150243.SZ.parquet,True,322940,0,264386,264386,0,0,0,0,0
150244.SZ.parquet,True,322940,0,159017,159017,0,0,0,0,0
150245.SZ.parquet,True,324386,0,310641,310641,0,0,0,0,0
150246.SZ.parquet,True,324386,0,285108,285108,0,0,0,0,0
150247.SZ.parquet,True,322217,0,293409,293409,0,0,0,0,0
150248.SZ.parquet,True,322217,0,211550,211550,0,0,0,0,0
150249.SZ.parquet,True,329206,0,311955,311955,0,0,0,0,0
150250.SZ.parquet,True,329206,0,297256,297256,0,0,0,0,0
150251.SZ.parquet,True,328965,0,296448,296448,0,0,0,0,0
150252.SZ.parquet,True,328965,0,219453,219453,0,0,0,0,0
150255.SZ.parquet,True,302455,0,276536,276536,0,0,0,0,0
150256.SZ.parquet,True,302455,0,280088,280088,0,0,0,0,0
150257.SZ.parquet,True,321012,0,303732,303732,0,0,0,0,0
150258.SZ.parquet,True,321012,0,290095,290095,0,0,0,0,0
150259.SZ.parquet,True,326555,0,286760,286760,0,0,0,0,0
150260.SZ.parquet,True,326555,0,274313,274313,0,0,0,0,0
150261.SZ.parquet,True,327278,0,292013,292013,0,0,0,0,0
150262.SZ.parquet,True,327278,0,205181,205181,0,0,0,0,0
150263.SZ.parquet,True,318120,0,310581,310581,0,0,0,0,0
150264.SZ.parquet,True,318120,0,288348,288348,0,0,0,0,0
150265.SZ.parquet,True,320048,0,279234,279234,0,0,0,0,0
150266.SZ.parquet,True,320048,0,209002,209002,0,0,0,0,0
150267.SZ.parquet,True,301009,0,291103,291103,0,0,0,0,0
150268.SZ.parquet,True,301009,0,281015,281015,0,0,0,0,0
150269.SZ.parquet,True,327760,0,270220,270220,0,0,0,0,0
150270.SZ.parquet,True,327760,0,92204,92204,0,0,0,0,0
150271.SZ.parquet,True,327519,0,308714,308714,0,0,0,0,0
150272.SZ.parquet,True,327519,0,287638,287638,0,0,0,0,0
150273.SZ.parquet,True,329688,0,294768,294768,0,0,0,0,0
150274.SZ.parquet,True,329688,0,251731,251731,0,0,0,0,0
150275.SZ.parquet,True,329929,0,261904,261904,0,0,0,0,0
150276.SZ.parquet,True,329929,0,174500,174500,0,0,0,0,0
150277.SZ.parquet,True,327519,0,279035,279035,0,0,0,0,0
150278.SZ.parquet,True,327519,0,207843,207843,0,0,0,0,0
150279.SZ.parquet,True,299322,0,284792,284792,0,0,0,0,0
150280.SZ.parquet,True,299322,241,260013,260013,0,0,0,0,0
150281.SZ.parquet,True,318361,0,304816,304816,0,0,0,0,0
150282.SZ.parquet,True,318361,0,273026,273026,0,0,0,0,0
150283.SZ.parquet,True,322940,0,290503,290503,0,0,0,0,0
150284.SZ.parquet,True,322940,0,287454,287454,0,0,0,0,0
150287.SZ.parquet,True,324145,0,273199,273199,0,0,0,0,0
150288.SZ.parquet,True,324145,0,126076,126076,0,0,0,0,0
150289.SZ.parquet,True,323181,241,259547,259547,0,0,0,0,0
150290.SZ.parquet,True,323181,0,93096,93096,0,0,0,0,0
150291.SZ.parquet,True,312336,0,281826,281826,0,0,0,0,0
150292.SZ.parquet,True,312336,0,253604,253604,0,0,0,0,0
150293.SZ.parquet,True,319325,0,308762,308762,0,0,0,0,0
150294.SZ.parquet,True,319325,0,292461,292461,0,0,0,0,0
150295.SZ.parquet,True,320289,0,280862,280862,0,0,0,0,0
150296.SZ.parquet,True,320289,0,232860,232860,0,0,0,0,0
150297.SZ.parquet,True,315951,0,302974,302974,0,0,0,0,0
150298.SZ.parquet,True,315951,0,265394,265394,0,0,0,0,0
150299.SZ.parquet,True,325591,0,270345,270345,0,0,0,0,0
150300.SZ.parquet,True,325591,0,170388,170388,0,0,0,0,0
150301.SZ.parquet,True,325591,0,303753,303753,0,0,0,0,0
150302.SZ.parquet,True,325591,0,256237,256237,0,0,0,0,0
150303.SZ.parquet,True,321253,0,263752,263752,0,0,0,0,0
150304.SZ.parquet,True,321253,0,137806,137806,0,0,0,0,0
150305.SZ.parquet,True,218346,0,198813,198813,0,0,0,0,0
150306.SZ.parquet,True,218346,0,164557,164557,0,0,0,0,0
150307.SZ.parquet,True,322940,0,296681,296681,0,0,0,0,0
150308.SZ.parquet,True,322940,0,250587,250587,0,0,0,0,0
150309.SZ.parquet,True,321253,0,306974,306974,0,0,0,0,0
150310.SZ.parquet,True,321253,0,287174,287174,0,0,0,0,0
150311.SZ.parquet,True,321253,0,307091,307091,0,0,0,0,0
150312.SZ.parquet,True,321253,0,285934,285934,0,0,0,0,0
150315.SZ.parquet,True,324627,0,289409,289409,0,0,0,0,0
150316.SZ.parquet,True,324627,0,240672,240672,0,0,0,0,0
150317.SZ.parquet,True,312818,0,303284,303284,0,0,0,0,0
150318.SZ.parquet,True,312818,0,285801,285801,0,0,0,0,0
150321.SZ.parquet,True,323904,0,293612,293612,0,0,0,0,0
150322.SZ.parquet,True,323904,0,233204,233204,0,0,0,0,0
150323.SZ.parquet,True,293538,0,280673,280673,0,0,0,0,0
150324.SZ.parquet,True,293538,0,251289,251289,0,0,0,0,0
150325.SZ.parquet,True,307516,0,296828,296828,0,0,0,0,0
150326.SZ.parquet,True,307516,0,275509,275509,0,0,0,0,0
150327.SZ.parquet,True,305106,0,298229,298229,0,0,0,0,0
150328.SZ.parquet,True,305106,0,285081,285081,0,0,0,0,0
150329.SZ.parquet,True,316674,0,282431,282431,0,0,0,0,0
150330.SZ.parquet,True,316674,0,188466,188466,0,0,0,0,0
150331.SZ.parquet,True,175930,0,144071,144071,0,0,0,0,0
150332.SZ.parquet,True,175930,0,91054,91054,0,0,0,0,0
150335.SZ.parquet,True,315951,0,282034,282034,0,0,0,0,0
150336.SZ.parquet,True,315951,0,214212,214212,0,0,0,0,0
150343.SZ.parquet,True,310649,0,294359,294359,0,0,0,0,0
150344.SZ.parquet,True,310649,0,253721,253721,0,0,0,0,0
159001.SZ.parquet,True,652146,0,150531,150531,0,0,0,0,0
159003.SZ.parquet,True,652146,0,274277,274277,0,0,0,0,0
159005.SZ.parquet,True,639132,0,434657,434657,0,0,0,0,0
159007.SZ.parquet,True,14942,0,5530,5530,0,0,0,0,0
159008.SZ.parquet,True,13255,0,4990,4990,0,0,0,0,0
159009.SZ.parquet,True,15665,0,6306,6306,0,0,0,0,0
159010.SZ.parquet,True,11327,0,3692,3692,0,0,0,0,0
159012.SZ.parquet,True,10122,0,2331,2331,0,0,0,0,0
159013.SZ.parquet,True,13255,0,5984,5984,0,0,0,0,0
159015.SZ.parquet,True,12050,0,4176,4176,0,0,0,0,0
159016.SZ.parquet,True,11086,0,2177,2177,0,0,0,0,0
159017.SZ.parquet,True,12050,0,8512,8512,0,0,0,0,0
159018.SZ.parquet,True,13496,0,8781,8781,0,0,0,0,0
159019.SZ.parquet,True,13978,0,7619,7619,0,0,0,0,0
159020.SZ.parquet,True,13496,0,5515,5515,0,0,0,0,0
159021.SZ.parquet,True,10845,0,7510,7510,0,0,0,0,0
159022.SZ.parquet,True,13737,0,1234,1234,0,0,0,0,0
159026.SZ.parquet,True,13737,0,9571,9571,0,0,0,0,0
159027.SZ.parquet,True,10845,0,5912,5912,0,0,0,0,0
159028.SZ.parquet,True,11086,0,6018,6018,0,0,0,0,0
159029.SZ.parquet,True,9881,0,1209,1209,0,0,0,0,0
159030.SZ.parquet,True,11568,0,4585,4585,0,0,0,0,0
159031.SZ.parquet,True,8194,0,5356,5356,0,0,0,0,0
159032.SZ.parquet,True,11327,0,1558,1558,0,0,0,0,0
159033.SZ.parquet,True,7230,0,3232,3232,0,0,0,0,0
159035.SZ.parquet,True,10845,0,3477,3477,0,0,0,0,0
159036.SZ.parquet,True,6266,0,2302,2302,0,0,0,0,0
159037.SZ.parquet,True,6266,0,4785,4785,0,0,0,0,0
159038.SZ.parquet,True,9881,0,4635,4635,0,0,0,0,0
159040.SZ.parquet,True,3856,0,1132,1132,0,0,0,0,0
159041.SZ.parquet,True,6507,0,4783,4783,0,0,0,0,0
159042.SZ.parquet,True,6748,0,4978,4978,0,0,0,0,0
159046.SZ.parquet,True,6266,0,1834,1834,0,0,0,0,0
159048.SZ.parquet,True,6507,0,905,905,0,0,0,0,0
159050.SZ.parquet,True,6748,0,393,393,0,0,0,0,0
159051.SZ.parquet,True,6748,0,4342,4342,0,0,0,0,0
159052.SZ.parquet,True,6266,0,1495,1495,0,0,0,0,0
159053.SZ.parquet,True,6748,0,617,617,0,0,0,0,0
159055.SZ.parquet,True,6748,0,1035,1035,0,0,0,0,0
159056.SZ.parquet,True,6748,0,3785,3785,0,0,0,0,0
159060.SZ.parquet,True,6507,0,5040,5040,0,0,0,0,0
159091.SZ.parquet,True,482,0,83,83,0,0,0,0,0
159100.SZ.parquet,True,39524,0,1374,1374,0,0,0,0,0
159101.SZ.parquet,True,50369,0,992,992,0,0,0,0,0
159102.SZ.parquet,True,48200,0,10107,10107,0,0,0,0,0
159103.SZ.parquet,True,49164,0,15318,15318,0,0,0,0,0
159105.SZ.parquet,True,41452,0,10057,10057,0,0,0,0,0
159106.SZ.parquet,True,43380,0,31046,31046,0,0,0,0,0
159107.SZ.parquet,True,47236,0,4172,4172,0,0,0,0,0
159108.SZ.parquet,True,37837,0,12546,12546,0,0,0,0,0
159109.SZ.parquet,True,45308,0,19543,19543,0,0,0,0,0
159110.SZ.parquet,True,46754,0,38704,38704,0,0,0,0,0
159111.SZ.parquet,True,46754,0,34023,34023,0,0,0,0,0
159112.SZ.parquet,True,46754,0,32937,32937,0,0,0,0,0
159113.SZ.parquet,True,46754,0,34976,34976,0,0,0,0,0
159115.SZ.parquet,True,46754,0,34384,34384,0,0,0,0,0
159116.SZ.parquet,True,46754,0,34257,34257,0,0,0,0,0
159117.SZ.parquet,True,44103,0,29108,29108,0,0,0,0,0
159118.SZ.parquet,True,37114,0,24459,24459,0,0,0,0,0
159119.SZ.parquet,True,39524,0,19014,19014,0,0,0,0,0
159120.SZ.parquet,True,39524,0,12576,12576,0,0,0,0,0
159121.SZ.parquet,True,37837,0,15995,15995,0,0,0,0,0
159122.SZ.parquet,True,41452,0,22276,22276,0,0,0,0,0
159123.SZ.parquet,True,37114,0,13669,13669,0,0,0,0,0
159125.SZ.parquet,True,40729,0,11100,11100,0,0,0,0,0
159126.SZ.parquet,True,41452,0,24286,24286,0,0,0,0,0
159127.SZ.parquet,True,38319,0,21100,21100,0,0,0,0,0
159128.SZ.parquet,True,39524,0,6577,6577,0,0,0,0,0
159129.SZ.parquet,True,39283,0,4837,4837,0,0,0,0,0
159130.SZ.parquet,True,37114,0,14709,14709,0,0,0,0,0
159131.SZ.parquet,True,39524,0,1466,1466,0,0,0,0,0
159132.SZ.parquet,True,30366,0,12811,12811,0,0,0,0,0
159133.SZ.parquet,True,37596,0,3230,3230,0,0,0,0,0
159135.SZ.parquet,True,24582,0,9050,9050,0,0,0,0,0
159136.SZ.parquet,True,32294,0,23907,23907,0,0,0,0,0
159137.SZ.parquet,True,29884,0,7049,7049,0,0,0,0,0
159138.SZ.parquet,True,29643,0,10194,10194,0,0,0,0,0
159139.SZ.parquet,True,33258,0,3941,3941,0,0,0,0,0
159140.SZ.parquet,True,33499,0,1224,1224,0,0,0,0,0
159141.SZ.parquet,True,34704,0,1445,1445,0,0,0,0,0
159142.SZ.parquet,True,34463,0,749,749,0,0,0,0,0
159143.SZ.parquet,True,29884,0,19525,19525,0,0,0,0,0
159145.SZ.parquet,True,28679,0,15409,15409,0,0,0,0,0
159146.SZ.parquet,True,28438,0,2533,2533,0,0,0,0,0
159147.SZ.parquet,True,27715,0,4318,4318,0,0,0,0,0
159148.SZ.parquet,True,24582,0,4049,4049,0,0,0,0,0
159149.SZ.parquet,True,28438,0,13375,13375,0,0,0,0,0
159150.SZ.parquet,True,151589,0,70925,70925,0,0,0,0,0
159151.SZ.parquet,True,29402,0,13730,13730,0,0,0,0,0
159152.SZ.parquet,True,26028,0,5693,5693,0,0,0,0,0
159153.SZ.parquet,True,25064,0,7067,7067,0,0,0,0,0
159155.SZ.parquet,True,28197,0,5801,5801,0,0,0,0,0
159156.SZ.parquet,True,24341,0,8592,8592,0,0,0,0,0
159157.SZ.parquet,True,25305,0,241,241,0,0,0,0,0
159158.SZ.parquet,True,27233,0,1551,1551,0,0,0,0,0
159159.SZ.parquet,True,24341,0,10186,10186,0,0,0,0,0
159160.SZ.parquet,True,18316,0,1017,1017,0,0,0,0,0
159162.SZ.parquet,True,26751,0,3270,3270,0,0,0,0,0
159163.SZ.parquet,True,25064,0,7153,7153,0,0,0,0,0
159165.SZ.parquet,True,24341,0,9012,9012,0,0,0,0,0
159166.SZ.parquet,True,20003,0,13947,13947,0,0,0,0,0
159167.SZ.parquet,True,24341,0,10399,10399,0,0,0,0,0
159168.SZ.parquet,True,24341,0,1722,1722,0,0,0,0,0
159169.SZ.parquet,True,22413,0,7854,7854,0,0,0,0,0
159170.SZ.parquet,True,19762,0,5802,5802,0,0,0,0,0
159171.SZ.parquet,True,22172,0,7521,7521,0,0,0,0,0
159172.SZ.parquet,True,19521,0,4122,4122,0,0,0,0,0
159173.SZ.parquet,True,17352,0,10493,10493,0,0,0,0,0
159175.SZ.parquet,True,22172,0,1234,1234,0,0,0,0,0
159176.SZ.parquet,True,17111,0,12307,12307,0,0,0,0,0
159177.SZ.parquet,True,17352,0,9799,9799,0,0,0,0,0
159178.SZ.parquet,True,13255,0,1407,1407,0,0,0,0,0
159179.SZ.parquet,True,17111,0,7442,7442,0,0,0,0,0
159180.SZ.parquet,True,17111,0,8998,8998,0,0,0,0,0
159181.SZ.parquet,True,19762,0,7068,7068,0,0,0,0,0
159182.SZ.parquet,True,12050,0,10072,10072,0,0,0,0,0
159183.SZ.parquet,True,19039,0,8814,8814,0,0,0,0,0
159185.SZ.parquet,True,13737,0,514,514,0,0,0,0,0
159186.SZ.parquet,True,14701,0,8388,8388,0,0,0,0,0
159187.SZ.parquet,True,17593,0,8127,8127,0,0,0,0,0
159188.SZ.parquet,True,16147,0,11869,11869,0,0,0,0,0
159189.SZ.parquet,True,19762,0,9235,9235,0,0,0,0,0
159190.SZ.parquet,True,18075,0,7601,7601,0,0,0,0,0
159191.SZ.parquet,True,18557,0,10085,10085,0,0,0,0,0
159192.SZ.parquet,True,12773,0,9844,9844,0,0,0,0,0
159193.SZ.parquet,True,12532,0,2303,2303,0,0,0,0,0
159195.SZ.parquet,True,17352,0,9835,9835,0,0,0,0,0
159196.SZ.parquet,True,17352,0,790,790,0,0,0,0,0
159197.SZ.parquet,True,17352,0,8745,8745,0,0,0,0,0
159198.SZ.parquet,True,17111,0,1188,1188,0,0,0,0,0
159199.SZ.parquet,True,16388,0,11818,11818,0,0,0,0,0
159200.SZ.parquet,True,58563,0,25008,25008,0,0,0,0,0
159201.SZ.parquet,True,81458,0,768,768,0,0,0,0,0
159202.SZ.parquet,True,73505,0,5059,5059,0,0,0,0,0
159203.SZ.parquet,True,61696,0,49990,49990,0,0,0,0,0
159205.SZ.parquet,True,64588,0,3253,3253,0,0,0,0,0
159206.SZ.parquet,True,78807,0,9477,9477,0,0,0,0,0
159207.SZ.parquet,True,74710,0,16290,16290,0,0,0,0,0
159208.SZ.parquet,True,69890,0,8074,8074,0,0,0,0,0
159209.SZ.parquet,True,77120,0,12805,12805,0,0,0,0,0
159210.SZ.parquet,True,66034,0,15185,15185,0,0,0,0,0
159211.SZ.parquet,True,73987,0,63220,63220,0,0,0,0,0
159212.SZ.parquet,True,74710,0,42527,42527,0,0,0,0,0
159213.SZ.parquet,True,71095,0,11143,11143,0,0,0,0,0
159215.SZ.parquet,True,75192,0,27791,27791,0,0,0,0,0
159216.SZ.parquet,True,74228,0,61713,61713,0,0,0,0,0
159217.SZ.parquet,True,75433,0,1723,1723,0,0,0,0,0
159218.SZ.parquet,True,67962,0,8082,8082,0,0,0,0,0
159219.SZ.parquet,True,69649,0,60467,60467,0,0,0,0,0
159220.SZ.parquet,True,69890,0,31854,31854,0,0,0,0,0
159221.SZ.parquet,True,69649,0,30710,30710,0,0,0,0,0
159222.SZ.parquet,True,73264,0,8612,8612,0,0,0,0,0
159223.SZ.parquet,True,60973,0,40329,40329,0,0,0,0,0
159225.SZ.parquet,True,73264,0,33790,33790,0,0,0,0,0
159226.SZ.parquet,True,66757,0,33831,33831,0,0,0,0,0
159227.SZ.parquet,True,68926,0,1382,1382,0,0,0,0,0
159228.SZ.parquet,True,63624,0,55533,55533,0,0,0,0,0
159229.SZ.parquet,True,69167,0,45430,45430,0,0,0,0,0
159230.SZ.parquet,True,66516,0,29866,29866,0,0,0,0,0
159231.SZ.parquet,True,71336,0,31446,31446,0,0,0,0,0
159232.SZ.parquet,True,71095,0,9534,9534,0,0,0,0,0
159233.SZ.parquet,True,66034,0,23918,23918,0,0,0,0,0
159235.SZ.parquet,True,71095,0,12603,12603,0,0,0,0,0
159236.SZ.parquet,True,68926,0,44610,44610,0,0,0,0,0
159237.SZ.parquet,True,60491,0,23354,23354,0,0,0,0,0
159238.SZ.parquet,True,65311,0,40523,40523,0,0,0,0,0
159239.SZ.parquet,True,66998,0,18449,18449,0,0,0,0,0
159240.SZ.parquet,True,63865,0,55094,55094,0,0,0,0,0
159241.SZ.parquet,True,66757,0,2652,2652,0,0,0,0,0
159242.SZ.parquet,True,57358,0,2094,2094,0,0,0,0,0
159243.SZ.parquet,True,31089,0,1753,1753,0,0,0,0,0
159245.SZ.parquet,True,63383,0,29105,29105,0,0,0,0,0
159246.SZ.parquet,True,59768,0,1857,1857,0,0,0,0,0
159247.SZ.parquet,True,26269,0,4586,4586,0,0,0,0,0
159248.SZ.parquet,True,57358,0,4185,4185,0,0,0,0,0
159249.SZ.parquet,True,61214,0,36843,36843,0,0,0,0,0
159251.SZ.parquet,True,57358,0,14799,14799,0,0,0,0,0
159253.SZ.parquet,True,35427,0,22734,22734,0,0,0,0,0
159255.SZ.parquet,True,55671,0,28701,28701,0,0,0,0,0
159256.SZ.parquet,True,55671,0,8567,8567,0,0,0,0,0
159257.SZ.parquet,True,56876,0,20764,20764,0,0,0,0,0
159258.SZ.parquet,True,55912,0,6362,6362,0,0,0,0,0
159259.SZ.parquet,True,51333,0,2103,2103,0,0,0,0,0
159260.SZ.parquet,True,41211,0,18925,18925,0,0,0,0,0
159261.SZ.parquet,True,60491,0,21766,21766,0,0,0,0,0
159262.SZ.parquet,True,60491,0,713,713,0,0,0,0,0
159263.SZ.parquet,True,60250,0,6825,6825,0,0,0,0,0
159265.SZ.parquet,True,61214,0,13855,13855,0,0,0,0,0
159266.SZ.parquet,True,55912,0,26765,26765,0,0,0,0,0
159267.SZ.parquet,True,55912,0,2774,2774,0,0,0,0,0
159268.SZ.parquet,True,58081,0,14420,14420,0,0,0,0,0
159269.SZ.parquet,True,59768,0,9809,9809,0,0,0,0,0
159270.SZ.parquet,True,57358,0,33363,33363,0,0,0,0,0
159271.SZ.parquet,True,54466,0,22065,22065,0,0,0,0,0
159272.SZ.parquet,True,47477,0,869,869,0,0,0,0,0
159273.SZ.parquet,True,55189,0,4230,4230,0,0,0,0,0
159275.SZ.parquet,True,46031,0,16635,16635,0,0,0,0,0
159276.SZ.parquet,True,56876,0,40024,40024,0,0,0,0,0
159277.SZ.parquet,True,53743,0,29914,29914,0,0,0,0,0
159278.SZ.parquet,True,54225,0,922,922,0,0,0,0,0
159279.SZ.parquet,True,46031,0,5236,5236,0,0,0,0,0
159280.SZ.parquet,True,53261,0,22651,22651,0,0,0,0,0
159281.SZ.parquet,True,50610,0,20503,20503,0,0,0,0,0
159283.SZ.parquet,True,52538,0,16666,16666,0,0,0,0,0
159285.SZ.parquet,True,43862,0,24787,24787,0,0,0,0,0
159286.SZ.parquet,True,50610,0,4610,4610,0,0,0,0,0
159287.SZ.parquet,True,51574,0,32288,32288,0,0,0,0,0
159288.SZ.parquet,True,46272,0,21207,21207,0,0,0,0,0
159289.SZ.parquet,True,48441,0,33919,33919,0,0,0,0,0
159290.SZ.parquet,True,47959,0,23474,23474,0,0,0,0,0
159291.SZ.parquet,True,50851,0,41610,41610,0,0,0,0,0
159292.SZ.parquet,True,50610,0,38258,38258,0,0,0,0,0
159293.SZ.parquet,True,29643,0,22609,22609,0,0,0,0,0
159295.SZ.parquet,True,41211,0,29755,29755,0,0,0,0,0
159296.SZ.parquet,True,50128,0,35901,35901,0,0,0,0,0
159297.SZ.parquet,True,47236,0,2928,2928,0,0,0,0,0
159298.SZ.parquet,True,49646,0,19870,19870,0,0,0,0,0
159299.SZ.parquet,True,48923,0,15908,15908,0,0,0,0,0
159300.SZ.parquet,True,123874,0,15680,15680,0,0,0,0,0
159301.SZ.parquet,True,116162,0,59095,59095,0,0,0,0,0
159302.SZ.parquet,True,108932,0,37899,37899,0,0,0,0,0
159303.SZ.parquet,True,120259,0,33656,33656,0,0,0,0,0
159305.SZ.parquet,True,104835,0,34161,34161,0,0,0,0,0
159306.SZ.parquet,True,127730,0,88754,88754,0,0,0,0,0
159307.SZ.parquet,True,130140,0,41553,41553,0,0,0,0,0
159309.SZ.parquet,True,121946,0,58710,58710,0,0,0,0,0
159310.SZ.parquet,True,129417,0,43862,43862,0,0,0,0,0
159311.SZ.parquet,True,59045,0,36150,36150,0,0,0,0,0
159312.SZ.parquet,True,98810,0,44946,44946,0,0,0,0,0
159315.SZ.parquet,True,122428,0,33960,33960,0,0,0,0,0
159316.SZ.parquet,True,76879,0,1317,1317,0,0,0,0,0
159318.SZ.parquet,True,121223,0,63709,63709,0,0,0,0,0
159320.SZ.parquet,True,91098,0,34683,34683,0,0,0,0,0
159321.SZ.parquet,True,125561,0,28960,28960,0,0,0,0,0
159322.SZ.parquet,True,122428,0,45482,45482,0,0,0,0,0
159323.SZ.parquet,True,88688,0,7570,7570,0,0,0,0,0
159325.SZ.parquet,True,98810,0,11623,11623,0,0,0,0,0
159326.SZ.parquet,True,107727,0,29508,29508,0,0,0,0,0
159327.SZ.parquet,True,113752,0,22770,22770,0,0,0,0,0
159328.SZ.parquet,True,97605,0,73415,73415,0,0,0,0,0
159329.SZ.parquet,True,117126,0,5478,5478,0,0,0,0,0
159330.SZ.parquet,True,111342,0,11285,11285,0,0,0,0,0
159331.SZ.parquet,True,114234,0,36140,36140,0,0,0,0,0
159332.SZ.parquet,True,114234,0,75537,75537,0,0,0,0,0
159333.SZ.parquet,True,108691,0,29412,29412,0,0,0,0,0
159335.SZ.parquet,True,108209,0,57794,57794,0,0,0,0,0
159336.SZ.parquet,True,84109,0,58455,58455,0,0,0,0,0
159337.SZ.parquet,True,106040,0,26845,26845,0,0,0,0,0
159338.SZ.parquet,True,103148,0,918,918,0,0,0,0,0
159339.SZ.parquet,True,103148,0,4946,4946,0,0,0,0,0
159350.SZ.parquet,True,151589,0,31847,31847,0,0,0,0,0
159351.SZ.parquet,True,103148,0,6127,6127,0,0,0,0,0
159352.SZ.parquet,True,103148,0,2799,2799,0,0,0,0,0
159353.SZ.parquet,True,103148,0,13007,13007,0,0,0,0,0
159355.SZ.parquet,True,94713,0,66300,66300,0,0,0,0,0
159356.SZ.parquet,True,93990,0,34495,34495,0,0,0,0,0
159357.SZ.parquet,True,95436,0,32275,32275,0,0,0,0,0
159358.SZ.parquet,True,95195,0,30681,30681,0,0,0,0,0
159359.SZ.parquet,True,94954,0,34103,34103,0,0,0,0,0
159360.SZ.parquet,True,95436,0,36592,36592,0,0,0,0,0
159361.SZ.parquet,True,97123,0,3840,3840,0,0,0,0,0
159362.SZ.parquet,True,94954,0,43605,43605,0,0,0,0,0
159363.SZ.parquet,True,92544,0,1004,1004,0,0,0,0,0
159365.SZ.parquet,True,61696,0,37200,37200,0,0,0,0,0
159366.SZ.parquet,True,73987,0,5863,5863,0,0,0,0,0
159367.SZ.parquet,True,83627,0,34430,34430,0,0,0,0,0
159368.SZ.parquet,True,77361,0,21743,21743,0,0,0,0,0
159369.SZ.parquet,True,52538,0,17083,17083,0,0,0,0,0
159370.SZ.parquet,True,86760,0,66717,66717,0,0,0,0,0
159371.SZ.parquet,True,84109,0,46039,46039,0,0,0,0,0
159372.SZ.parquet,True,65311,0,41381,41381,0,0,0,0,0
159373.SZ.parquet,True,84591,0,33130,33130,0,0,0,0,0
159375.SZ.parquet,True,88206,0,49036,49036,0,0,0,0,0
159376.SZ.parquet,True,87965,0,66963,66963,0,0,0,0,0
159377.SZ.parquet,True,73746,0,40998,40998,0,0,0,0,0
159378.SZ.parquet,True,88206,0,7495,7495,0,0,0,0,0
159379.SZ.parquet,True,86037,0,74206,74206,0,0,0,0,0
159380.SZ.parquet,True,88688,0,31691,31691,0,0,0,0,0
159381.SZ.parquet,True,77361,0,6116,6116,0,0,0,0,0
159382.SZ.parquet,True,70131,0,7796,7796,0,0,0,0,0
159383.SZ.parquet,True,83627,0,56092,56092,0,0,0,0,0
159385.SZ.parquet,True,66516,0,40297,40297,0,0,0,0,0
159386.SZ.parquet,True,84350,0,55314,55314,0,0,0,0,0
159387.SZ.parquet,True,65070,0,17891,17891,0,0,0,0,0
159388.SZ.parquet,True,75192,0,9564,9564,0,0,0,0,0
159389.SZ.parquet,True,66516,0,40209,40209,0,0,0,0,0
159390.SZ.parquet,True,74710,0,44111,44111,0,0,0,0,0
159391.SZ.parquet,True,72782,0,60600,60600,0,0,0,0,0
159392.SZ.parquet,True,69408,0,25109,25109,0,0,0,0,0
159393.SZ.parquet,True,79771,0,23741,23741,0,0,0,0,0
159395.SZ.parquet,True,85555,0,55550,55550,0,0,0,0,0
159396.SZ.parquet,True,85073,0,45469,45469,0,0,0,0,0
159397.SZ.parquet,True,84832,0,47516,47516,0,0,0,0,0
159398.SZ.parquet,True,85073,0,48978,48978,0,0,0,0,0
159399.SZ.parquet,True,81458,0,1895,1895,0,0,0,0,0
159400.SZ.parquet,True,58563,0,44931,44931,0,0,0,0,0
159500.SZ.parquet,True,51092,0,15671,15671,0,0,0,0,0
159501.SZ.parquet,True,180509,0,17695,17695,0,0,0,0,0
159502.SZ.parquet,True,146528,0,5210,5210,0,0,0,0,0
159503.SZ.parquet,True,58322,0,44675,44675,0,0,0,0,0
159505.SZ.parquet,True,152794,0,120028,120028,0,0,0,0,0
159506.SZ.parquet,True,177858,0,11972,11972,0,0,0,0,0
159507.SZ.parquet,True,179304,0,75200,75200,0,0,0,0,0
159508.SZ.parquet,True,175689,0,113712,113712,0,0,0,0,0
159509.SZ.parquet,True,171592,0,21720,21720,0,0,0,0,0
159510.SZ.parquet,True,170146,0,101393,101393,0,0,0,0,0
159511.SZ.parquet,True,171833,0,100002,100002,0,0,0,0,0
159512.SZ.parquet,True,174002,0,49850,49850,0,0,0,0,0
159513.SZ.parquet,True,173279,0,18223,18223,0,0,0,0,0
159515.SZ.parquet,True,166531,0,127235,127235,0,0,0,0,0
159516.SZ.parquet,True,173520,0,4675,4675,0,0,0,0,0
159517.SZ.parquet,True,166772,0,141687,141687,0,0,0,0,0
159518.SZ.parquet,True,155927,0,18330,18330,0,0,0,0,0
159519.SZ.parquet,True,167495,0,55869,55869,0,0,0,0,0
159520.SZ.parquet,True,158578,0,88408,88408,0,0,0,0,0
159521.SZ.parquet,True,166290,0,126451,126451,0,0,0,0,0
159522.SZ.parquet,True,51574,0,41242,41242,0,0,0,0,0
159523.SZ.parquet,True,164362,0,110068,110068,0,0,0,0,0
159525.SZ.parquet,True,126766,0,51499,51499,0,0,0,0,0
159526.SZ.parquet,True,130381,0,29623,29623,0,0,0,0,0
159527.SZ.parquet,True,142672,0,56818,56818,0,0,0,0,0
159528.SZ.parquet,True,126766,0,101971,101971,0,0,0,0,0
159529.SZ.parquet,True,142431,0,29739,29739,0,0,0,0,0
159530.SZ.parquet,True,145082,0,31780,31780,0,0,0,0,0
159531.SZ.parquet,True,164603,0,16202,16202,0,0,0,0,0
159532.SZ.parquet,True,163880,0,70168,70168,0,0,0,0,0
159533.SZ.parquet,True,123392,0,99155,99155,0,0,0,0,0
159535.SZ.parquet,True,163639,0,123137,123137,0,0,0,0,0
159536.SZ.parquet,True,163880,0,81004,81004,0,0,0,0,0
159537.SZ.parquet,True,162193,0,78192,78192,0,0,0,0,0
159538.SZ.parquet,True,163639,0,102420,102420,0,0,0,0,0
159539.SZ.parquet,True,162675,0,92740,92740,0,0,0,0,0
159540.SZ.parquet,True,162675,0,97272,97272,0,0,0,0,0
159541.SZ.parquet,True,158578,0,77450,77450,0,0,0,0,0
159542.SZ.parquet,True,123392,0,82548,82548,0,0,0,0,0
159543.SZ.parquet,True,155204,0,131076,131076,0,0,0,0,0
159545.SZ.parquet,True,132068,0,20668,20668,0,0,0,0,0
159546.SZ.parquet,True,160265,0,49760,49760,0,0,0,0,0
159547.SZ.parquet,True,141949,0,70321,70321,0,0,0,0,0
159549.SZ.parquet,True,151589,0,91958,91958,0,0,0,0,0
159550.SZ.parquet,True,61937,0,19586,19586,0,0,0,0,0
159551.SZ.parquet,True,155686,0,43736,43736,0,0,0,0,0
159552.SZ.parquet,True,120018,0,42617,42617,0,0,0,0,0
159553.SZ.parquet,True,132068,0,99141,99141,0,0,0,0,0
159555.SZ.parquet,True,151348,0,78988,78988,0,0,0,0,0
159556.SZ.parquet,True,146528,0,102013,102013,0,0,0,0,0
159557.SZ.parquet,True,126284,0,35037,35037,0,0,0,0,0
159558.SZ.parquet,True,121946,0,33508,33508,0,0,0,0,0
159559.SZ.parquet,True,151348,0,42388,42388,0,0,0,0,0
159560.SZ.parquet,True,155204,0,53639,53639,0,0,0,0,0
159561.SZ.parquet,True,129417,0,19026,19026,0,0,0,0,0
159562.SZ.parquet,True,144600,0,13830,13830,0,0,0,0,0
159563.SZ.parquet,True,140262,0,107794,107794,0,0,0,0,0
159565.SZ.parquet,True,140021,0,61019,61019,0,0,0,0,0
159566.SZ.parquet,True,141467,0,44341,44341,0,0,0,0,0
159567.SZ.parquet,True,146287,0,5856,5856,0,0,0,0,0
159568.SZ.parquet,True,139780,0,24647,24647,0,0,0,0,0
159569.SZ.parquet,True,110619,0,24275,24275,0,0,0,0,0
159570.SZ.parquet,True,144600,0,10386,10386,0,0,0,0,0
159571.SZ.parquet,True,147974,0,113930,113930,0,0,0,0,0
159572.SZ.parquet,True,149179,0,56923,56923,0,0,0,0,0
159573.SZ.parquet,True,149179,0,46707,46707,0,0,0,0,0
159575.SZ.parquet,True,147974,0,111909,111909,0,0,0,0,0
159576.SZ.parquet,True,147733,0,96177,96177,0,0,0,0,0
159577.SZ.parquet,True,140262,0,18034,18034,0,0,0,0,0
159578.SZ.parquet,True,123392,0,113266,113266,0,0,0,0,0
159579.SZ.parquet,True,38560,0,36041,36041,0,0,0,0,0
159581.SZ.parquet,True,136647,0,38066,38066,0,0,0,0,0
159582.SZ.parquet,True,131827,0,26143,26143,0,0,0,0,0
159583.SZ.parquet,True,118572,0,24699,24699,0,0,0,0,0
159586.SZ.parquet,True,136647,0,51181,51181,0,0,0,0,0
159587.SZ.parquet,True,110860,0,56011,56011,0,0,0,0,0
159588.SZ.parquet,True,124597,0,45580,45580,0,0,0,0,0
159589.SZ.parquet,True,134960,0,87214,87214,0,0,0,0,0
159590.SZ.parquet,True,99292,0,11727,11727,0,0,0,0,0
159591.SZ.parquet,True,136406,0,41678,41678,0,0,0,0,0
159592.SZ.parquet,True,136406,0,25720,25720,0,0,0,0,0
159593.SZ.parquet,True,137370,0,15394,15394,0,0,0,0,0
159595.SZ.parquet,True,136406,0,15063,15063,0,0,0,0,0
159596.SZ.parquet,True,136406,0,33903,33903,0,0,0,0,0
159597.SZ.parquet,True,125561,0,67444,67444,0,0,0,0,0
159599.SZ.parquet,True,128694,0,13303,13303,0,0,0,0,0
159600.SZ.parquet,True,58563,0,28699,28699,0,0,0,0,0
159601.SZ.parquet,True,274258,0,22109,22109,0,0,0,0,0
159602.SZ.parquet,True,274258,0,108080,108080,0,0,0,0,0
159603.SZ.parquet,True,240518,0,128613,128613,0,0,0,0,0
159605.SZ.parquet,True,269920,0,2472,2472,0,0,0,0,0
159606.SZ.parquet,True,265341,0,132824,132824,0,0,0,0,0
159607.SZ.parquet,True,269920,0,7589,7589,0,0,0,0,0
159608.SZ.parquet,True,266305,0,62041,62041,0,0,0,0,0
159609.SZ.parquet,True,235216,0,46298,46298,0,0,0,0,0
159610.SZ.parquet,True,263654,0,123649,123649,0,0,0,0,0
159611.SZ.parquet,True,263895,0,5478,5478,0,0,0,0,0
159612.SZ.parquet,True,243410,0,71140,71140,0,0,0,0,0
159613.SZ.parquet,True,260521,0,117912,117912,0,0,0,0,0
159615.SZ.parquet,True,237144,0,32457,32457,0,0,0,0,0
159616.SZ.parquet,True,230155,0,143444,143444,0,0,0,0,0
159617.SZ.parquet,True,236662,0,189069,189069,0,0,0,0,0
159618.SZ.parquet,True,247507,0,115752,115752,0,0,0,0,0
159619.SZ.parquet,True,257870,0,64405,64405,0,0,0,0,0
159620.SZ.parquet,True,230396,0,192524,192524,0,0,0,0,0
159621.SZ.parquet,True,224371,0,191552,191552,0,0,0,0,0
159622.SZ.parquet,True,186775,0,51635,51635,0,0,0,0,0
159623.SZ.parquet,True,224371,0,157580,157580,0,0,0,0,0
159625.SZ.parquet,True,246302,0,59075,59075,0,0,0,0,0
159627.SZ.parquet,True,211839,0,181969,181969,0,0,0,0,0
159628.SZ.parquet,True,233770,0,27256,27256,0,0,0,0,0
159629.SZ.parquet,True,230878,0,17495,17495,0,0,0,0,0
159630.SZ.parquet,True,216900,0,185298,185298,0,0,0,0,0
159631.SZ.parquet,True,226781,0,158718,158718,0,0,0,0,0
159632.SZ.parquet,True,230878,0,12051,12051,0,0,0,0,0
159633.SZ.parquet,True,230637,0,13334,13334,0,0,0,0,0
159635.SZ.parquet,True,234734,0,97589,97589,0,0,0,0,0
159636.SZ.parquet,True,233288,0,29758,29758,0,0,0,0,0
159637.SZ.parquet,True,225817,0,36271,36271,0,0,0,0,0
159638.SZ.parquet,True,229191,0,32148,32148,0,0,0,0,0
159639.SZ.parquet,True,233529,0,105484,105484,0,0,0,0,0
159640.SZ.parquet,True,233047,0,162520,162520,0,0,0,0,0
159641.SZ.parquet,True,232806,0,147939,147939,0,0,0,0,0
159642.SZ.parquet,True,233047,0,188714,188714,0,0,0,0,0
159643.SZ.parquet,True,227745,0,119927,119927,0,0,0,0,0
159645.SZ.parquet,True,221961,0,176831,176831,0,0,0,0,0
159646.SZ.parquet,True,103871,0,83314,83314,0,0,0,0,0
159647.SZ.parquet,True,231842,0,14710,14710,0,0,0,0,0
159649.SZ.parquet,True,218346,0,74873,74873,0,0,0,0,0
159650.SZ.parquet,True,217382,0,55492,55492,0,0,0,0,0
159651.SZ.parquet,True,214249,0,91627,91627,0,0,0,0,0
159652.SZ.parquet,True,201235,0,54900,54900,0,0,0,0,0
159653.SZ.parquet,True,193523,0,185093,185093,0,0,0,0,0
159655.SZ.parquet,True,218105,0,62137,62137,0,0,0,0,0
159656.SZ.parquet,True,204127,0,125975,125975,0,0,0,0,0
159657.SZ.parquet,True,195692,0,143593,143593,0,0,0,0,0
159658.SZ.parquet,True,220274,0,69634,69634,0,0,0,0,0
159659.SZ.parquet,True,188462,0,29632,29632,0,0,0,0,0
159660.SZ.parquet,True,189908,0,27034,27034,0,0,0,0,0
159661.SZ.parquet,True,153035,0,126217,126217,0,0,0,0,0
159662.SZ.parquet,True,211598,0,117957,117957,0,0,0,0,0
159663.SZ.parquet,True,217864,0,86399,86399,0,0,0,0,0
159665.SZ.parquet,True,205573,0,32768,32768,0,0,0,0,0
159666.SZ.parquet,True,200512,0,131035,131035,0,0,0,0,0
159667.SZ.parquet,True,217864,0,13790,13790,0,0,0,0,0
159669.SZ.parquet,True,204850,0,125487,125487,0,0,0,0,0
159670.SZ.parquet,True,186775,0,139605,139605,0,0,0,0,0
159671.SZ.parquet,True,195933,0,45505,45505,0,0,0,0,0
159672.SZ.parquet,True,192077,0,127127,127127,0,0,0,0,0
159673.SZ.parquet,True,175448,0,84282,84282,0,0,0,0,0
159675.SZ.parquet,True,211357,0,87793,87793,0,0,0,0,0
159676.SZ.parquet,True,190631,0,87454,87454,0,0,0,0,0
159677.SZ.parquet,True,211116,0,132326,132326,0,0,0,0,0
159678.SZ.parquet,True,198102,0,135696,135696,0,0,0,0,0
159679.SZ.parquet,True,198825,0,122774,122774,0,0,0,0,0
159680.SZ.parquet,True,211839,0,66745,66745,0,0,0,0,0
159681.SZ.parquet,True,206296,0,44200,44200,0,0,0,0,0
159682.SZ.parquet,True,206296,0,7911,7911,0,0,0,0,0
159683.SZ.parquet,True,117849,0,91079,91079,0,0,0,0,0
159685.SZ.parquet,True,192077,0,153764,153764,0,0,0,0,0
159686.SZ.parquet,True,174966,0,152509,152509,0,0,0,0,0
159687.SZ.parquet,True,206537,0,59910,59910,0,0,0,0,0
159688.SZ.parquet,True,200030,0,13641,13641,0,0,0,0,0
159689.SZ.parquet,True,195692,0,142975,142975,0,0,0,0,0
159690.SZ.parquet,True,177135,0,113320,113320,0,0,0,0,0
159691.SZ.parquet,True,188944,0,25320,25320,0,0,0,0,0
159692.SZ.parquet,True,184365,0,43607,43607,0,0,0,0,0
159693.SZ.parquet,True,27474,0,21814,21814,0,0,0,0,0
159695.SZ.parquet,True,186534,0,69132,69132,0,0,0,0,0
159696.SZ.parquet,True,168459,0,38208,38208,0,0,0,0,0
159697.SZ.parquet,True,187498,0,69537,69537,0,0,0,0,0
159698.SZ.parquet,True,169664,0,58890,58890,0,0,0,0,0
159699.SZ.parquet,True,168941,0,35229,35229,0,0,0,0,0
159700.SZ.parquet,True,58563,0,39528,39528,0,0,0,0,0
159701.SZ.parquet,True,266305,0,232907,232907,0,0,0,0,0
159702.SZ.parquet,True,90134,0,77882,77882,0,0,0,0,0
159703.SZ.parquet,True,298599,0,177092,177092,0,0,0,0,0
159706.SZ.parquet,True,267028,0,211997,211997,0,0,0,0,0
159707.SZ.parquet,True,273294,0,29888,29888,0,0,0,0,0
159708.SZ.parquet,True,294502,0,133033,133033,0,0,0,0,0
159709.SZ.parquet,True,294502,0,250596,250596,0,0,0,0,0
159710.SZ.parquet,True,144359,0,111744,111744,0,0,0,0,0
159711.SZ.parquet,True,265582,0,186401,186401,0,0,0,0,0
159712.SZ.parquet,True,273535,0,176633,176633,0,0,0,0,0
159713.SZ.parquet,True,287031,0,46728,46728,0,0,0,0,0
159715.SZ.parquet,True,282452,0,87652,87652,0,0,0,0,0
159716.SZ.parquet,True,295466,0,233490,233490,0,0,0,0,0
159717.SZ.parquet,True,279801,0,244326,244326,0,0,0,0,0
159718.SZ.parquet,True,265582,0,74409,74409,0,0,0,0,0
159719.SZ.parquet,True,265582,0,156037,156037,0,0,0,0,0
159720.SZ.parquet,True,291610,0,199894,199894,0,0,0,0,0
159721.SZ.parquet,True,295707,0,247580,247580,0,0,0,0,0
159723.SZ.parquet,True,278114,0,199958,199958,0,0,0,0,0
159725.SZ.parquet,True,294502,0,182793,182793,0,0,0,0,0
159726.SZ.parquet,True,271607,0,110621,110621,0,0,0,0,0
159728.SZ.parquet,True,263413,0,178233,178233,0,0,0,0,0
159729.SZ.parquet,True,291369,0,205673,205673,0,0,0,0,0
159730.SZ.parquet,True,266064,0,166824,166824,0,0,0,0,0
159731.SZ.parquet,True,268474,0,189167,189167,0,0,0,0,0
159732.SZ.parquet,True,285826,0,47160,47160,0,0,0,0,0
159733.SZ.parquet,True,141467,0,99795,99795,0,0,0,0,0
159735.SZ.parquet,True,299081,0,94415,94415,0,0,0,0,0
159736.SZ.parquet,True,280283,0,96207,96207,0,0,0,0,0
159738.SZ.parquet,True,260280,0,146968,146968,0,0,0,0,0
159739.SZ.parquet,True,272571,0,75474,75474,0,0,0,0,0
159740.SZ.parquet,True,300527,0,9198,9198,0,0,0,0,0
159741.SZ.parquet,True,299322,0,36313,36313,0,0,0,0,0
159742.SZ.parquet,True,301009,0,26567,26567,0,0,0,0,0
159743.SZ.parquet,True,263413,0,228455,228455,0,0,0,0,0
159745.SZ.parquet,True,296912,0,31267,31267,0,0,0,0,0
159747.SZ.parquet,True,292574,0,48156,48156,0,0,0,0,0
159748.SZ.parquet,True,269679,0,119707,119707,0,0,0,0,0
159750.SZ.parquet,True,258834,0,59328,59328,0,0,0,0,0
159751.SZ.parquet,True,265582,0,91378,91378,0,0,0,0,0
159752.SZ.parquet,True,290164,0,74649,74649,0,0,0,0,0
159755.SZ.parquet,True,295948,0,4475,4475,0,0,0,0,0
159757.SZ.parquet,True,288236,0,73195,73195,0,0,0,0,0
159758.SZ.parquet,True,265582,0,126136,126136,0,0,0,0,0
159760.SZ.parquet,True,267028,0,184729,184729,0,0,0,0,0
159761.SZ.parquet,True,268233,0,137056,137056,0,0,0,0,0
159763.SZ.parquet,True,282211,0,225079,225079,0,0,0,0,0
159766.SZ.parquet,True,290887,0,6363,6363,0,0,0,0,0
159767.SZ.parquet,True,285826,0,117265,117265,0,0,0,0,0
159768.SZ.parquet,True,258352,0,37668,37668,0,0,0,0,0
159769.SZ.parquet,True,137611,0,116678,116678,0,0,0,0,0
159770.SZ.parquet,True,274258,0,53722,53722,0,0,0,0,0
159773.SZ.parquet,True,279319,0,177366,177366,0,0,0,0,0
159775.SZ.parquet,True,261244,0,119885,119885,0,0,0,0,0
159776.SZ.parquet,True,251845,0,63644,63644,0,0,0,0,0
159777.SZ.parquet,True,277873,0,212105,212105,0,0,0,0,0
159778.SZ.parquet,True,258111,0,201608,201608,0,0,0,0,0
159779.SZ.parquet,True,270884,0,156071,156071,0,0,0,0,0
159780.SZ.parquet,True,294261,0,26395,26395,0,0,0,0,0
159781.SZ.parquet,True,294261,0,8607,8607,0,0,0,0,0
159782.SZ.parquet,True,293779,0,86239,86239,0,0,0,0,0
159783.SZ.parquet,True,294261,0,24525,24525,0,0,0,0,0
159786.SZ.parquet,True,288477,0,85041,85041,0,0,0,0,0
159787.SZ.parquet,True,253773,0,189382,189382,0,0,0,0,0
159788.SZ.parquet,True,255942,0,166316,166316,0,0,0,0,0
159789.SZ.parquet,True,107486,0,58539,58539,0,0,0,0,0
159790.SZ.parquet,True,288477,0,15942,15942,0,0,0,0,0
159791.SZ.parquet,True,254978,0,231435,231435,0,0,0,0,0
159792.SZ.parquet,True,280042,0,10864,10864,0,0,0,0,0
159793.SZ.parquet,True,271366,0,224162,224162,0,0,0,0,0
159795.SZ.parquet,True,258834,0,181153,181153,0,0,0,0,0
159796.SZ.parquet,True,254014,0,64141,64141,0,0,0,0,0
159797.SZ.parquet,True,244374,0,159668,159668,0,0,0,0,0
159798.SZ.parquet,True,245097,0,143916,143916,0,0,0,0,0
159800.SZ.parquet,True,117608,0,94068,94068,0,0,0,0,0
159801.SZ.parquet,True,375237,0,12136,12136,0,0,0,0,0
159802.SZ.parquet,True,21931,0,16489,16489,0,0,0,0,0
159803.SZ.parquet,True,79289,0,66504,66504,0,0,0,0,0
159804.SZ.parquet,True,368007,0,302289,302289,0,0,0,0,0
159805.SZ.parquet,True,365115,0,69793,69793,0,0,0,0,0
159806.SZ.parquet,True,369694,0,36551,36551,0,0,0,0,0
159807.SZ.parquet,True,368248,0,55435,55435,0,0,0,0,0
159808.SZ.parquet,True,342220,0,208950,208950,0,0,0,0,0
159809.SZ.parquet,True,82904,0,68854,68854,0,0,0,0,0
159810.SZ.parquet,True,351860,0,247959,247959,0,0,0,0,0
159811.SZ.parquet,True,364392,0,131481,131481,0,0,0,0,0
159812.SZ.parquet,True,358608,0,253798,253798,0,0,0,0,0
159813.SZ.parquet,True,359572,0,5084,5084,0,0,0,0,0
159814.SZ.parquet,True,350655,0,90574,90574,0,0,0,0,0
159815.SZ.parquet,True,157614,0,145393,145393,0,0,0,0,0
159816.SZ.parquet,True,342220,0,274803,274803,0,0,0,0,0
159819.SZ.parquet,True,339087,0,14466,14466,0,0,0,0,0
159820.SZ.parquet,True,344389,0,150550,150550,0,0,0,0,0
159821.SZ.parquet,True,334267,0,276214,276214,0,0,0,0,0
159822.SZ.parquet,True,335231,0,121228,121228,0,0,0,0,0
159823.SZ.parquet,True,223889,0,161164,161164,0,0,0,0,0
159824.SZ.parquet,True,321976,0,96755,96755,0,0,0,0,0
159825.SZ.parquet,True,323904,0,10191,10191,0,0,0,0,0
159827.SZ.parquet,True,325591,0,170936,170936,0,0,0,0,0
159828.SZ.parquet,True,321735,0,11998,11998,0,0,0,0,0
159830.SZ.parquet,True,291851,0,187916,187916,0,0,0,0,0
159831.SZ.parquet,True,250158,0,153462,153462,0,0,0,0,0
159832.SZ.parquet,True,60491,0,56805,56805,0,0,0,0,0
159833.SZ.parquet,True,69408,0,61667,61667,0,0,0,0,0
159834.SZ.parquet,True,253532,0,146120,146120,0,0,0,0,0
159835.SZ.parquet,True,309926,0,167398,167398,0,0,0,0,0
159836.SZ.parquet,True,301009,0,196655,196655,0,0,0,0,0
159837.SZ.parquet,True,319084,0,42835,42835,0,0,0,0,0
159838.SZ.parquet,True,289682,0,139051,139051,0,0,0,0,0
159839.SZ.parquet,True,315951,0,60538,60538,0,0,0,0,0
159840.SZ.parquet,True,286067,0,11142,11142,0,0,0,0,0
159841.SZ.parquet,True,316915,0,5252,5252,0,0,0,0,0
159842.SZ.parquet,True,311372,0,23028,23028,0,0,0,0,0
159843.SZ.parquet,True,317397,0,72949,72949,0,0,0,0,0
159845.SZ.parquet,True,309444,0,21657,21657,0,0,0,0,0
159846.SZ.parquet,True,22654,0,18637,18637,0,0,0,0,0
159847.SZ.parquet,True,291851,0,70269,70269,0,0,0,0,0
159848.SZ.parquet,True,312577,0,162843,162843,0,0,0,0,0
159849.SZ.parquet,True,314505,0,208446,208446,0,0,0,0,0
159850.SZ.parquet,True,316192,0,87872,87872,0,0,0,0,0
159851.SZ.parquet,True,311372,0,54475,54475,0,0,0,0,0
159852.SZ.parquet,True,316915,0,32881,32881,0,0,0,0,0
159853.SZ.parquet,True,124115,0,103417,103417,0,0,0,0,0
159855.SZ.parquet,True,314987,0,99636,99636,0,0,0,0,0
159856.SZ.parquet,True,318361,0,148995,148995,0,0,0,0,0
159857.SZ.parquet,True,315469,0,4666,4666,0,0,0,0,0
159858.SZ.parquet,True,310408,0,127905,127905,0,0,0,0,0
159859.SZ.parquet,True,293779,0,19152,19152,0,0,0,0,0
159861.SZ.parquet,True,308962,0,134293,134293,0,0,0,0,0
159862.SZ.parquet,True,274258,0,175313,175313,0,0,0,0,0
159863.SZ.parquet,True,312818,0,75626,75626,0,0,0,0,0
159864.SZ.parquet,True,287995,0,48444,48444,0,0,0,0,0
159865.SZ.parquet,True,313541,0,9640,9640,0,0,0,0,0
159866.SZ.parquet,True,308239,0,107213,107213,0,0,0,0,0
159867.SZ.parquet,True,313782,0,37048,37048,0,0,0,0,0
159869.SZ.parquet,True,313782,0,12403,12403,0,0,0,0,0
159870.SZ.parquet,True,314264,0,16514,16514,0,0,0,0,0
159871.SZ.parquet,True,309444,0,110058,110058,0,0,0,0,0
159872.SZ.parquet,True,294743,0,216720,216720,0,0,0,0,0
159873.SZ.parquet,True,309926,0,149702,149702,0,0,0,0,0
159875.SZ.parquet,True,286790,0,19627,19627,0,0,0,0,0
159876.SZ.parquet,True,310649,0,151292,151292,0,0,0,0,0
159877.SZ.parquet,True,274981,0,210044,210044,0,0,0,0,0
159880.SZ.parquet,True,310408,0,131030,131030,0,0,0,0,0
159881.SZ.parquet,True,294743,0,118128,118128,0,0,0,0,0
159883.SZ.parquet,True,304383,0,21193,21193,0,0,0,0,0
159885.SZ.parquet,True,307275,0,151882,151882,0,0,0,0,0
159886.SZ.parquet,True,304865,0,167104,167104,0,0,0,0,0
159887.SZ.parquet,True,301732,0,41589,41589,0,0,0,0,0
159888.SZ.parquet,True,301491,0,128483,128483,0,0,0,0,0
159889.SZ.parquet,True,282693,0,149713,149713,0,0,0,0,0
159890.SZ.parquet,True,308962,0,94141,94141,0,0,0,0,0
159891.SZ.parquet,True,297635,0,168604,168604,0,0,0,0,0
159892.SZ.parquet,True,277632,0,16332,16332,0,0,0,0,0
159895.SZ.parquet,True,277150,0,236871,236871,0,0,0,0,0
159896.SZ.parquet,True,271366,0,215136,215136,0,0,0,0,0
159897.SZ.parquet,True,53020,0,41793,41793,0,0,0,0,0
159898.SZ.parquet,True,299081,0,141981,141981,0,0,0,0,0
159899.SZ.parquet,True,295466,0,97845,97845,0,0,0,0,0
159901.SZ.parquet,True,1026178,0,63679,63683,0,0,0,0,0
159902.SZ.parquet,True,1026419,0,162536,162536,0,0,0,0,0
159903.SZ.parquet,True,962554,0,447366,447372,0,0,0,0,0
159905.SZ.parquet,True,908088,0,403836,403874,0,0,0,0,0
159906.SZ.parquet,True,901822,0,729812,729837,0,0,0,0,0
159907.SZ.parquet,True,873866,0,682097,682096,0,0,0,0,0
159908.SZ.parquet,True,878686,0,635011,635031,0,0,0,0,0
159909.SZ.parquet,True,870010,0,687937,687936,0,0,0,0,0
159910.SZ.parquet,True,865913,0,745907,745912,0,0,0,0,0
159911.SZ.parquet,True,508992,0,476131,476130,0,0,0,0,0
159912.SZ.parquet,True,856996,0,706637,706643,0,0,0,0,0
159913.SZ.parquet,True,862298,0,822240,822244,0,0,0,0,0
159915.SZ.parquet,True,854345,0,25527,25531,0,0,0,0,0
159916.SZ.parquet,True,862539,0,787548,787547,0,0,0,0,0
159917.SZ.parquet,True,199066,0,181921,181921,0,0,0,0,0
159918.SZ.parquet,True,830727,0,780526,780526,0,0,0,0,0
159919.SZ.parquet,True,828076,0,61311,61311,0,0,0,0,0
159920.SZ.parquet,True,804217,0,114111,114130,0,0,0,0,0
159921.SZ.parquet,True,279078,0,247711,247710,0,0,0,0,0
159922.SZ.parquet,True,781081,0,279659,279659,0,0,0,0,0
159923.SZ.parquet,True,783009,0,672682,672686,0,0,0,0,0
159924.SZ.parquet,True,281247,0,262814,262815,0,0,0,0,0
159925.SZ.parquet,True,776984,0,474124,474127,0,0,0,0,0
159926.SZ.parquet,True,520560,0,504521,504521,0,0,0,0,0
159927.SZ.parquet,True,264859,0,241894,241893,0,0,0,0,0
159928.SZ.parquet,True,751438,0,227786,227786,0,0,0,0,0
159929.SZ.parquet,True,751438,0,220053,220054,0,0,0,0,0
159930.SZ.parquet,True,751438,0,360125,360125,0,0,0,0,0
159931.SZ.parquet,True,751438,0,559657,559659,0,0,0,0,0
159932.SZ.parquet,True,533574,0,500941,500940,0,0,0,0,0
159933.SZ.parquet,True,747823,0,678718,678721,0,0,0,0,0
159934.SZ.parquet,True,737460,0,95608,95608,0,0,0,0,0
159935.SZ.parquet,True,731435,0,681678,681677,0,0,0,0,0
159936.SZ.parquet,True,706853,0,572061,572061,0,0,0,0,0
159937.SZ.parquet,True,695285,0,224512,224511,0,0,0,0,0
159938.SZ.parquet,True,674800,0,140248,140247,0,0,0,0,0
159939.SZ.parquet,True,669980,0,149891,149891,0,0,0,0,0
159940.SZ.parquet,True,659135,0,425884,425884,0,0,0,0,0
159941.SZ.parquet,True,644916,0,235570,235570,0,0,0,0,0
159942.SZ.parquet,True,197861,0,183092,183092,0,0,0,0,0
159943.SZ.parquet,True,645639,0,414859,414859,0,0,0,0,0
159944.SZ.parquet,True,647567,1446,532697,532697,0,0,0,0,0
159945.SZ.parquet,True,647567,1446,440068,440068,0,0,0,0,0
159946.SZ.parquet,True,204609,482,192376,192376,0,0,0,0,0
159948.SZ.parquet,True,592860,0,216268,216268,0,0,0,0,0
159949.SZ.parquet,True,587317,3133,48496,48496,0,0,0,0,0
159950.SZ.parquet,True,127971,0,121480,121480,0,0,0,0,0
159951.SZ.parquet,True,300768,0,282598,282598,0,0,0,0,0
159952.SZ.parquet,True,536225,0,28042,28042,0,0,0,0,0
159953.SZ.parquet,True,201235,0,183218,183218,0,0,0,0,0
159954.SZ.parquet,True,487784,0,265355,265355,0,0,0,0,0
159955.SZ.parquet,True,308480,0,231869,231869,0,0,0,0,0
159956.SZ.parquet,True,489230,0,411583,411583,0,0,0,0,0
159957.SZ.parquet,True,498629,0,283890,283890,0,0,0,0,0
159958.SZ.parquet,True,495978,0,248931,248931,0,0,0,0,0
159959.SZ.parquet,True,437656,0,321736,321736,0,0,0,0,0
159960.SZ.parquet,True,452598,0,301515,301515,0,0,0,0,0
159961.SZ.parquet,True,442476,0,382659,382659,0,0,0,0,0
159962.SZ.parquet,True,208224,0,192699,192699,0,0,0,0,0
159963.SZ.parquet,True,126525,0,90130,90130,0,0,0,0,0
159964.SZ.parquet,True,423437,0,299849,299849,0,0,0,0,0
159965.SZ.parquet,True,422714,0,319642,319642,0,0,0,0,0
159966.SZ.parquet,True,409700,0,143415,143415,0,0,0,0,0
159967.SZ.parquet,True,409700,0,27908,27908,0,0,0,0,0
159968.SZ.parquet,True,392348,0,225449,225449,0,0,0,0,0
159969.SZ.parquet,True,381021,0,327768,327768,0,0,0,0,0
159970.SZ.parquet,True,380298,0,345725,345725,0,0,0,0,0
159971.SZ.parquet,True,411869,0,269134,269134,0,0,0,0,0
159972.SZ.parquet,True,390902,0,290602,290602,0,0,0,0,0
159973.SZ.parquet,True,405121,0,369246,369246,0,0,0,0,0
159974.SZ.parquet,True,384154,0,304677,304677,0,0,0,0,0
159975.SZ.parquet,True,381744,0,270150,270150,0,0,0,0,0
159976.SZ.parquet,True,379093,0,313879,313879,0,0,0,0,0
159977.SZ.parquet,True,396927,0,36867,36867,0,0,0,0,0
159978.SZ.parquet,True,161229,0,137400,137400,0,0,0,0,0
159979.SZ.parquet,True,167495,0,153996,153996,0,0,0,0,0
159980.SZ.parquet,True,383190,0,70580,70580,0,0,0,0,0
159981.SZ.parquet,True,379093,0,67334,67334,0,0,0,0,0
159982.SZ.parquet,True,374755,0,142112,142112,0,0,0,0,0
159983.SZ.parquet,True,216900,0,175080,175080,0,0,0,0,0
159984.SZ.parquet,True,202440,0,175044,175044,0,0,0,0,0
159985.SZ.parquet,True,386323,0,32907,32907,0,0,0,0,0
159986.SZ.parquet,True,161229,0,106599,106599,0,0,0,0,0
159987.SZ.parquet,True,280765,0,203360,203360,0,0,0,0,0
159988.SZ.parquet,True,121946,0,116619,116619,0,0,0,0,0
159990.SZ.parquet,True,261967,0,189805,189805,0,0,0,0,0
159991.SZ.parquet,True,363910,0,173486,173486,0,0,0,0,0
159992.SZ.parquet,True,366320,0,3360,3360,0,0,0,0,0
159993.SZ.parquet,True,376924,0,22102,22102,0,0,0,0,0
159994.SZ.parquet,True,373309,0,25231,25231,0,0,0,0,0
159995.SZ.parquet,True,376683,0,3002,3002,0,0,0,0,0
159996.SZ.parquet,True,370658,0,17913,17913,0,0,0,0,0
159997.SZ.parquet,True,369694,0,49630,49630,0,0,0,0,0
159998.SZ.parquet,True,366079,0,57882,57882,0,0,0,0,0
159999.SZ.parquet,True,151830,0,136538,136538,0,0,0,0,0
160105.SZ.parquet,True,1026419,0,971093,971105,0,0,0,0,0
160106.SZ.parquet,True,1026419,0,925789,925789,0,0,0,0,0
160119.SZ.parquet,True,976532,0,649327,649330,0,0,0,0,0
160125.SZ.parquet,True,860611,0,713063,713064,0,0,0,0,0
160127.SZ.parquet,True,357403,28438,328835,328835,0,0,0,0,0
160128.SZ.parquet,True,819882,0,787164,787168,0,0,0,0,0
160130.SZ.parquet,True,429221,1205,416404,416410,723,723,723,723,0
160131.SZ.parquet,True,432113,1446,408796,408796,0,0,0,0,0
160133.SZ.parquet,True,696490,0,567857,567857,0,0,0,0,0
160135.SZ.parquet,True,351860,25546,332387,332387,0,0,0,0,0
160136.SZ.parquet,True,48923,27474,47775,47775,0,0,0,0,0
160138.SZ.parquet,True,113752,241,111999,111999,0,0,0,0,0
160140.SZ.parquet,True,505377,0,368125,368125,0,0,0,0,0
160142.SZ.parquet,True,426811,0,343829,343829,0,0,0,0,0
160143.SZ.parquet,True,311854,0,276953,276953,0,0,0,0,0
160211.SZ.parquet,True,966892,0,858228,858233,0,0,0,0,0
160212.SZ.parquet,True,783973,0,639620,639642,0,0,0,0,0
160215.SZ.parquet,True,926645,0,879452,879461,0,0,0,0,0
160216.SZ.parquet,True,661063,0,198809,198809,0,0,0,0,0
160218.SZ.parquet,True,347281,26992,307659,307659,0,0,0,0,0
160219.SZ.parquet,True,347281,26992,284527,284527,0,0,0,0,0
160220.SZ.parquet,True,732158,0,661010,661010,0,0,0,0,0
160221.SZ.parquet,True,347281,26992,256863,256863,0,0,0,0,0
160222.SZ.parquet,True,347281,26992,276952,276952,0,0,0,0,0
160223.SZ.parquet,True,565868,1928,474999,474999,0,0,0,0,0
160225.SZ.parquet,True,596716,12050,432587,432587,0,0,0,0,0
160311.SZ.parquet,True,1026419,0,822285,822300,0,0,0,0,0
160314.SZ.parquet,True,1026419,0,869055,869080,0,0,0,0,0
160322.SZ.parquet,True,526826,1205,466438,466438,0,0,0,0,0
160323.SZ.parquet,True,546829,0,509485,509485,0,0,0,0,0
160324.SZ.parquet,True,522970,0,491772,491772,0,0,0,0,0
160325.SZ.parquet,True,318843,0,257627,257627,0,0,0,0,0
160326.SZ.parquet,True,262690,0,252506,252506,0,0,0,0,0
160415.SZ.parquet,True,638650,0,625509,625524,0,0,0,0,0
160416.SZ.parquet,True,832414,0,512022,512022,0,0,0,0,0
160421.SZ.parquet,True,565145,4820,517869,517869,0,0,0,0,0
160422.SZ.parquet,True,85555,241,83212,83212,0,0,0,0,0
160505.SZ.parquet,True,1026419,0,618931,618930,0,0,0,0,0
160512.SZ.parquet,True,880855,0,829058,829059,0,0,0,0,0
160513.SZ.parquet,True,705889,0,690685,690685,336,336,336,336,0
160515.SZ.parquet,True,747582,0,729457,729463,0,0,0,0,0
160518.SZ.parquet,True,586594,241,518660,518660,0,0,0,0,0
160519.SZ.parquet,True,407049,0,382982,382982,0,0,0,0,0
160520.SZ.parquet,True,268474,3615,252335,252335,0,0,0,0,0
160522.SZ.parquet,True,289923,4820,287030,287030,0,0,0,0,0
160526.SZ.parquet,True,385841,0,374002,374002,0,0,0,0,0
160527.SZ.parquet,True,354993,0,334076,334076,0,0,0,0,0
160529.SZ.parquet,True,311854,0,274097,274097,0,0,0,0,0
160607.SZ.parquet,True,1026419,0,838381,838415,0,0,0,0,0
160610.SZ.parquet,True,1026419,0,897438,897442,0,0,0,0,0
160611.SZ.parquet,True,1026419,0,959497,959508,0,0,0,0,0
160613.SZ.parquet,True,1026419,0,993963,993963,0,0,0,0,0
160615.SZ.parquet,True,1006657,0,950850,950845,0,0,0,0,0
160616.SZ.parquet,True,949299,0,898876,898898,0,0,0,0,0
160617.SZ.parquet,True,912185,0,896331,896334,0,0,0,0,0
160618.SZ.parquet,True,676728,0,655879,655878,0,0,0,0,0
160620.SZ.parquet,True,347763,26992,328343,328343,0,0,0,0,0
160621.SZ.parquet,True,790962,0,775077,775078,0,0,0,0,0
160622.SZ.parquet,True,594065,0,585689,585689,0,0,0,0,0
160625.SZ.parquet,True,347763,26992,309141,309141,0,0,0,0,0
160626.SZ.parquet,True,347763,26992,333021,333021,0,0,0,0,0
160628.SZ.parquet,True,347763,26992,315982,315982,0,0,0,0,0
160629.SZ.parquet,True,347763,26992,315209,315209,0,0,0,0,0
160630.SZ.parquet,True,347763,26992,256618,256618,0,0,0,0,0
160631.SZ.parquet,True,347763,26992,299058,299058,0,0,0,0,0
160632.SZ.parquet,True,347763,26992,190212,190212,0,0,0,0,0
160633.SZ.parquet,True,347763,26992,314323,314323,0,0,0,0,0
160635.SZ.parquet,True,596716,13978,543093,543093,0,0,0,0,0
160637.SZ.parquet,True,347040,26269,307621,307621,0,0,0,0,0
160638.SZ.parquet,True,347763,26992,336235,336235,0,0,0,0,0
160639.SZ.parquet,True,347763,26992,331076,331076,0,0,0,0,0
160641.SZ.parquet,True,60250,0,58588,58588,0,0,0,0,0
160642.SZ.parquet,True,574062,1205,566152,566152,0,0,0,0,0
160643.SZ.parquet,True,531405,0,411653,411653,0,0,0,0,0
160644.SZ.parquet,True,499352,241,411946,411946,0,0,0,0,0
160645.SZ.parquet,True,335954,0,319995,319995,0,0,0,0,0
160706.SZ.parquet,True,1026419,0,414705,414723,0,0,0,0,0
160716.SZ.parquet,True,961108,0,780549,780575,0,0,0,0,0
160717.SZ.parquet,True,920620,0,722633,722647,0,0,0,0,0
160719.SZ.parquet,True,845187,0,599299,599304,0,0,0,0,0
160720.SZ.parquet,True,433800,0,428634,428633,0,0,0,0,0
160722.SZ.parquet,True,564904,3133,538860,538860,0,0,0,0,0
160723.SZ.parquet,True,538635,0,262647,262647,0,0,0,0,0
160726.SZ.parquet,True,424642,0,372803,372803,0,0,0,0,0
160805.SZ.parquet,True,1026419,0,967164,967186,0,0,0,0,0
160806.SZ.parquet,True,642024,1446,625329,625329,0,0,0,0,0
160807.SZ.parquet,True,927850,0,907741,907758,0,0,0,0,0
160809.SZ.parquet,True,35427,26992,35260,35260,0,0,0,0,0
160810.SZ.parquet,True,208465,0,205463,205462,0,0,0,0,0
160812.SZ.parquet,True,710468,0,665417,665417,0,0,0,0,0
160813.SZ.parquet,True,676487,0,609238,609238,0,0,0,0,0
160910.SZ.parquet,True,1026419,0,966733,966748,0,0,0,0,0
160915.SZ.parquet,True,378129,0,374778,374779,0,0,0,0,0
160916.SZ.parquet,True,792408,0,661827,661827,4,4,4,4,0
160918.SZ.parquet,True,715770,0,633153,633153,0,0,0,0,0
160919.SZ.parquet,True,674559,0,600703,600702,0,0,0,0,0
160921.SZ.parquet,True,569965,4820,558950,558950,0,0,0,0,0
160922.SZ.parquet,True,361982,0,349099,349099,0,0,0,0,0
160924.SZ.parquet,True,519596,0,455144,455144,0,0,0,0,0
160925.SZ.parquet,True,426811,0,418761,418761,0,0,0,0,0
160926.SZ.parquet,True,320771,0,255211,255211,0,0,0,0,0
161005.SZ.parquet,True,1026419,0,581849,581849,0,0,0,0,0
161010.SZ.parquet,True,1018466,0,833811,833805,0,0,0,0,0
161014.SZ.parquet,True,528513,26992,512809,512809,0,0,0,0,0
161015.SZ.parquet,True,710468,0,700832,700833,206,206,206,206,0
161017.SZ.parquet,True,862780,0,687608,687617,0,0,0,0,0
161019.SZ.parquet,True,822774,0,780745,780745,26,26,26,26,0
161022.SZ.parquet,True,204609,27233,115077,115077,0,0,0,0,0
161024.SZ.parquet,True,347763,26992,164056,164056,0,0,0,0,0
161025.SZ.parquet,True,347763,26992,300268,300268,0,0,0,0,0
161026.SZ.parquet,True,347522,26992,289977,289977,0,0,0,0,0
161027.SZ.parquet,True,347763,26992,253731,253731,0,0,0,0,0
161028.SZ.parquet,True,347763,26992,173345,173345,0,0,0,0,0
161029.SZ.parquet,True,441512,26992,412900,412900,0,0,0,0,0
161030.SZ.parquet,True,347522,26992,305494,305494,0,0,0,0,0
161031.SZ.parquet,True,346317,25787,311470,311470,0,0,0,0,0
161032.SZ.parquet,True,347281,26510,211279,211279,0,0,0,0,0
161033.SZ.parquet,True,608284,0,524567,524567,0,0,0,0,0
161035.SZ.parquet,True,565386,1205,526335,526335,0,0,0,0,0
161036.SZ.parquet,True,545142,0,525654,525654,0,0,0,0,0
161037.SZ.parquet,True,537671,0,478556,478556,0,0,0,0,0
161038.SZ.parquet,True,513089,0,502062,502062,0,0,0,0,0
161039.SZ.parquet,True,472360,0,421813,421813,0,0,0,0,0
161040.SZ.parquet,True,318843,0,263265,263265,0,0,0,0,0
161115.SZ.parquet,True,914354,0,823226,823227,0,0,0,0,0
161116.SZ.parquet,True,859888,0,577620,577625,0,0,0,0,0
161117.SZ.parquet,True,811447,0,793386,793398,288,288,288,288,0
161118.SZ.parquet,True,423196,26992,404864,404864,0,0,0,0,0
161119.SZ.parquet,True,791203,0,707193,707192,0,0,0,0,0
161121.SZ.parquet,True,371863,26510,320420,320420,0,0,0,0,0
161122.SZ.parquet,True,352824,26510,312110,312110,0,0,0,0,0
161123.SZ.parquet,True,348245,26510,312819,312819,0,0,0,0,0
161124.SZ.parquet,True,566832,0,476848,476848,0,0,0,0,0
161125.SZ.parquet,True,561048,0,342620,342620,0,0,0,0,0
161126.SZ.parquet,True,561048,0,419677,419677,0,0,0,0,0
161127.SZ.parquet,True,558879,0,323000,323000,0,0,0,0,0
161128.SZ.parquet,True,558879,0,283978,283978,0,0,0,0,0
161129.SZ.parquet,True,551649,0,256940,256940,0,0,0,0,0
161130.SZ.parquet,True,527067,0,272067,272067,0,0,0,0,0
161131.SZ.parquet,True,426811,0,339728,339728,0,0,0,0,0
161132.SZ.parquet,True,436210,0,409846,409846,0,0,0,0,0
161133.SZ.parquet,True,238108,0,228148,228148,0,0,0,0,0
161210.SZ.parquet,True,486097,0,445278,445281,0,0,0,0,0
161213.SZ.parquet,True,644434,0,631851,631863,0,0,0,0,0
161216.SZ.parquet,True,887603,0,865409,865416,0,0,0,0,0
161217.SZ.parquet,True,870733,0,800983,800996,0,0,0,0,0
161219.SZ.parquet,True,848561,0,817814,817813,0,0,0,0,0
161222.SZ.parquet,True,656725,0,605007,605007,0,0,0,0,0
161224.SZ.parquet,True,656243,0,615144,615144,0,0,0,0,0
161225.SZ.parquet,True,639132,0,590234,590234,0,0,0,0,0
161226.SZ.parquet,True,638891,0,184858,184858,0,0,0,0,0
161227.SZ.parquet,True,636722,0,525774,525774,0,0,0,0,0
161229.SZ.parquet,True,616719,0,595647,595647,0,0,0,0,0
161232.SZ.parquet,True,579364,0,545044,545044,0,0,0,0,0
161233.SZ.parquet,True,549721,0,543925,543925,0,0,0,0,0
161505.SZ.parquet,True,712155,0,698909,698908,0,0,0,0,0
161607.SZ.parquet,True,1026419,0,964305,964318,0,0,0,0,0
161610.SZ.parquet,True,1026419,0,894552,894571,0,0,0,0,0
161614.SZ.parquet,True,835547,0,825694,825698,0,0,0,0,0
161626.SZ.parquet,True,556710,0,554483,554483,0,0,0,0,0
161630.SZ.parquet,True,79048,25546,78275,78275,0,0,0,0,0
161631.SZ.parquet,True,541286,0,298583,298583,0,0,0,0,0
161706.SZ.parquet,True,1026419,0,917592,917592,0,0,0,0,0
161713.SZ.parquet,True,932429,0,875663,875665,0,0,0,0,0
161714.SZ.parquet,True,568278,0,511831,511842,0,0,0,0,0
161715.SZ.parquet,True,554059,26992,489017,489017,0,0,0,0,0
161716.SZ.parquet,True,664678,0,425970,425970,0,0,0,0,0
161720.SZ.parquet,True,346799,26992,266483,266483,0,0,0,0,0
161722.SZ.parquet,True,644675,1446,635395,635395,0,0,0,0,0
161724.SZ.parquet,True,346799,26992,278105,278105,0,0,0,0,0
161725.SZ.parquet,True,348004,26992,31990,31990,0,0,0,0,0
161726.SZ.parquet,True,338846,26992,166446,166446,0,0,0,0,0
161727.SZ.parquet,True,539117,0,532707,532707,0,0,0,0,0
161728.SZ.parquet,True,426811,0,359997,359997,0,0,0,0,0
161729.SZ.parquet,True,355716,0,335464,335464,0,0,0,0,0
161810.SZ.parquet,True,980870,0,774321,774333,8,8,8,8,0
161811.SZ.parquet,True,597921,271607,578400,578407,0,0,0,0,0
161812.SZ.parquet,True,347281,26992,303392,303392,0,0,0,0,0
161813.SZ.parquet,True,497424,0,477151,477154,0,0,0,0,0
161815.SZ.parquet,True,911703,0,692726,692727,0,0,0,0,0
161816.SZ.parquet,True,353306,26992,342049,342049,0,0,0,0,0
161820.SZ.parquet,True,810965,0,791328,791331,0,0,0,0,0
161821.SZ.parquet,True,262931,0,258116,258152,0,0,0,0,0
161823.SZ.parquet,True,348727,0,345490,345490,0,0,0,0,0
161831.SZ.parquet,True,659858,0,534905,534905,0,0,0,0,0
161834.SZ.parquet,True,578641,4820,517915,517915,0,0,0,0,0
161835.SZ.parquet,True,130622,0,129102,129102,0,0,0,0,0
161837.SZ.parquet,True,360054,0,324828,324828,0,0,0,0,0
161903.SZ.parquet,True,1026178,0,690383,690399,0,0,0,0,0
161907.SZ.parquet,True,765175,0,730622,730628,0,0,0,0,0
161908.SZ.parquet,True,708540,0,702928,702930,482,482,482,482,0
161911.SZ.parquet,True,694803,482,624961,624970,459,459,459,459,0
161912.SZ.parquet,True,414761,0,259086,259086,0,0,0,0,0
161914.SZ.parquet,True,314746,0,263436,263436,0,0,0,0,0
162006.SZ.parquet,True,1026419,0,953253,953252,0,0,0,0,0
162105.SZ.parquet,True,663714,0,658016,658016,0,0,0,0,0
162108.SZ.parquet,True,653110,0,642627,642627,0,0,0,0,0
162207.SZ.parquet,True,1026419,0,949225,949248,0,0,0,0,0
162215.SZ.parquet,True,593824,0,586370,586370,0,0,0,0,0
162216.SZ.parquet,True,413315,26992,402392,402392,0,0,0,0,0
162307.SZ.parquet,True,965446,0,944762,944779,0,0,0,0,0
162308.SZ.parquet,True,153276,0,150179,150179,0,0,0,0,0
162411.SZ.parquet,True,825907,0,165981,165981,0,0,0,0,0
162412.SZ.parquet,True,341979,26992,207642,207642,0,0,0,0,0
162414.SZ.parquet,True,646844,0,639552,639552,0,0,0,0,0
162415.SZ.parquet,True,604187,2169,398299,398299,0,0,0,0,0
162416.SZ.parquet,True,290164,0,278851,278851,0,0,0,0,0
162509.SZ.parquet,True,352342,26992,343247,343247,0,0,0,0,0
162510.SZ.parquet,True,445850,0,438060,438060,0,0,0,0,0
162605.SZ.parquet,True,1026419,0,634687,634694,0,0,0,0,0
162607.SZ.parquet,True,1026419,0,857816,857837,0,0,0,0,0
162703.SZ.parquet,True,1026419,0,581552,581551,0,0,0,0,0
162711.SZ.parquet,True,966651,0,862528,862535,0,0,0,0,0
162712.SZ.parquet,True,861816,0,830299,830302,1,1,1,1,0
162715.SZ.parquet,True,763006,0,747935,747937,0,0,0,0,0
162717.SZ.parquet,True,345835,964,339782,339782,0,0,0,0,0
162718.SZ.parquet,True,181714,0,179129,179129,0,0,0,0,0
162719.SZ.parquet,True,546347,0,256507,256507,0,0,0,0,0
162720.SZ.parquet,True,310408,0,229737,229737,0,0,0,0,0
162721.SZ.parquet,True,229914,0,225196,225196,0,0,0,0,0
163001.SZ.parquet,True,950745,0,894653,894663,0,0,0,0,0
163003.SZ.parquet,True,584184,0,579849,579849,0,0,0,0,0
163005.SZ.parquet,True,609248,3856,606111,606111,0,0,0,0,0
163109.SZ.parquet,True,346558,26992,302545,302545,0,0,0,0,0
163110.SZ.parquet,True,875553,0,811406,811429,0,0,0,0,0
163111.SZ.parquet,True,562012,26992,536780,536780,0,0,0,0,0
163112.SZ.parquet,True,118572,0,115192,115207,246,246,246,246,0
163113.SZ.parquet,True,346558,26992,277697,277697,0,0,0,0,0
163114.SZ.parquet,True,359572,26992,316690,316690,0,0,0,0,0
163115.SZ.parquet,True,346558,26992,308544,308544,0,0,0,0,0
163116.SZ.parquet,True,357162,26992,337336,337336,0,0,0,0,0
163118.SZ.parquet,True,346076,26510,313731,313731,0,0,0,0,0
163119.SZ.parquet,True,206778,3615,202752,202752,0,0,0,0,0
163208.SZ.parquet,True,668052,0,486592,486591,0,0,0,0,0
163210.SZ.parquet,True,526585,0,473837,473839,272,272,272,272,0
163302.SZ.parquet,True,1026419,0,947534,947534,0,0,0,0,0
163402.SZ.parquet,True,1026419,0,529371,529379,0,0,0,0,0
163406.SZ.parquet,True,345835,26992,135957,135957,0,0,0,0,0
163407.SZ.parquet,True,906642,0,764240,764255,0,0,0,0,0
163409.SZ.parquet,True,879650,0,767150,767154,0,0,0,0,0
163412.SZ.parquet,True,827353,0,575136,575136,0,0,0,0,0
163415.SZ.parquet,True,787106,0,545431,545432,0,0,0,0,0
163417.SZ.parquet,True,481759,0,71055,71055,0,0,0,0,0
163418.SZ.parquet,True,307034,0,240647,240647,0,0,0,0,0
163503.SZ.parquet,True,1026419,0,808992,809060,0,0,0,0,0
163801.SZ.parquet,True,1026419,0,911081,911080,0,0,0,0,0
163819.SZ.parquet,True,819400,0,807291,807302,0,0,0,0,0
163821.SZ.parquet,True,820123,0,807363,807375,0,0,0,0,0
163824.SZ.parquet,True,414520,482,407425,407426,0,0,0,0,0
163827.SZ.parquet,True,304142,1446,297162,297161,0,0,0,0,0
510900.SH.parquet,True,804217,0,118011,118011,0,0,0,0,0
511010.SH.parquet,True,779635,0,161889,161888,0,0,0,0,0
511020.SH.parquet,True,432836,0,337264,337264,0,0,0,0,0
511030.SH.parquet,True,428016,0,276652,276652,0,0,0,0,0
511060.SH.parquet,True,385118,0,285105,285105,0,0,0,0,0
511070.SH.parquet,True,86278,0,39723,39723,0,0,0,0,0
511090.SH.parquet,True,180750,0,16768,16768,0,0,0,0,0
511100.SH.parquet,True,149179,0,68228,68228,0,0,0,0,0
511110.SH.parquet,True,85796,0,29239,29239,0,0,0,0,0
511120.SH.parquet,True,58563,0,39876,39876,0,0,0,0,0
511130.SH.parquet,True,134478,0,435,435,0,0,0,0,0
511150.SH.parquet,True,46754,0,35082,35082,0,0,0,0,0
511160.SH.parquet,True,89170,0,43876,43876,0,0,0,0,0
511180.SH.parquet,True,343907,0,57860,57860,0,0,0,0,0
511190.SH.parquet,True,85314,0,34696,34696,0,0,0,0,0
511200.SH.parquet,True,84832,0,36952,36952,0,0,0,0,0
511220.SH.parquet,True,678174,0,434724,434724,0,0,0,0,0
511260.SH.parquet,True,520078,0,207231,207231,0,0,0,0,0
511270.SH.parquet,True,447055,0,286994,286994,0,0,0,0,0
511360.SH.parquet,True,338605,0,54187,54187,0,0,0,0,0
511380.SH.parquet,True,367043,0,10592,10592,0,0,0,0,0
511520.SH.parquet,True,218105,0,16573,16573,0,0,0,0,0
511580.SH.parquet,True,209429,0,163361,163361,0,0,0,0,0
513000.SH.parquet,True,413074,0,174321,174321,0,0,0,0,0
513010.SH.parquet,True,301009,0,1420,1420,0,0,0,0,0
513020.SH.parquet,True,259798,0,30287,30287,0,0,0,0,0
513030.SH.parquet,True,694321,0,230497,230497,0,0,0,0,0
513040.SH.parquet,True,180991,0,40855,40855,0,0,0,0,0
513050.SH.parquet,True,555264,0,20060,20060,0,0,0,0,0
513060.SH.parquet,True,309926,0,3141,3141,0,0,0,0,0
513070.SH.parquet,True,252086,0,91404,91404,0,0,0,0,0
513080.SH.parquet,True,356198,0,120723,120723,0,0,0,0,0
513090.SH.parquet,True,368730,0,6481,6481,0,0,0,0,0
513100.SH.parquet,True,771923,0,167036,167036,0,0,0,0,0
513110.SH.parquet,True,194487,0,22863,22863,0,0,0,0,0
513120.SH.parquet,True,234734,0,7597,7597,0,0,0,0,0
513130.SH.parquet,True,299804,0,348,348,0,0,0,0,0
513140.SH.parquet,True,204609,0,90992,90992,0,0,0,0,0
513150.SH.parquet,True,259075,0,109501,109501,0,0,0,0,0
513160.SH.parquet,True,259557,0,56281,56281,0,0,0,0,0
513170.SH.parquet,True,131104,0,28148,28148,0,0,0,0,0
513180.SH.parquet,True,301009,0,138,138,0,0,0,0,0
513200.SH.parquet,True,259075,0,38189,38189,0,0,0,0,0
513210.SH.parquet,True,130863,0,62586,62586,0,0,0,0,0
513220.SH.parquet,True,234011,0,45150,45150,0,0,0,0,0
513230.SH.parquet,True,261244,0,120311,120311,0,0,0,0,0
513240.SH.parquet,True,12050,0,451,451,0,0,0,0,0
513260.SH.parquet,True,224130,0,27414,27414,0,0,0,0,0
513280.SH.parquet,True,233770,0,56434,56434,0,0,0,0,0
513290.SH.parquet,True,226540,0,42539,42539,0,0,0,0,0
513300.SH.parquet,True,333062,0,16007,16007,0,0,0,0,0
513310.SH.parquet,True,207983,0,16195,16195,0,0,0,0,0
513320.SH.parquet,True,252809,0,100929,100929,0,0,0,0,0
513330.SH.parquet,True,317156,0,81,81,0,0,0,0,0
513350.SH.parquet,True,153758,0,28736,28736,0,0,0,0,0
513360.SH.parquet,True,297153,0,8624,8625,0,0,0,0,0
513380.SH.parquet,True,244856,0,18714,18714,0,0,0,0,0
513390.SH.parquet,True,187016,0,32121,32121,0,0,0,0,0
513400.SH.parquet,True,142431,0,2701,2701,0,0,0,0,0
513500.SH.parquet,True,732399,0,193161,193161,0,0,0,0,0
513520.SH.parquet,True,413074,0,118265,118265,0,0,0,0,0
513530.SH.parquet,True,247266,0,54561,54561,0,0,0,0,0
513550.SH.parquet,True,321494,0,42524,42524,0,0,0,0,0
513560.SH.parquet,True,200512,0,68873,68873,0,0,0,0,0
513580.SH.parquet,True,300527,0,27820,27820,0,0,0,0,0
513590.SH.parquet,True,286308,0,149836,149836,0,0,0,0,0
513600.SH.parquet,True,671908,0,294757,294757,0,0,0,0,0
513620.SH.parquet,True,10604,0,5396,5396,0,0,0,0,0
513630.SH.parquet,True,151830,0,10123,10123,0,0,0,0,0
513650.SH.parquet,True,191836,0,38642,38642,0,0,0,0,0
513660.SH.parquet,True,671908,0,313574,313574,0,0,0,0,0
513690.SH.parquet,True,301732,0,74042,74042,0,0,0,0,0
513700.SH.parquet,True,288477,0,37635,37635,0,0,0,0,0
513720.SH.parquet,True,30125,0,11145,11145,0,0,0,0,0
513730.SH.parquet,True,153035,0,6079,6079,0,0,0,0,0
513750.SH.parquet,True,153999,0,18104,18104,0,0,0,0,0
513770.SH.parquet,True,257870,0,11411,11411,0,0,0,0,0
513780.SH.parquet,True,101220,0,7125,7125,0,0,0,0,0
513800.SH.parquet,True,413074,0,248883,248883,0,0,0,0,0
513810.SH.parquet,True,167254,0,106314,106314,0,0,0,0,0
513820.SH.parquet,True,127248,0,11369,11369,0,0,0,0,0
513830.SH.parquet,True,80012,0,38412,38412,0,0,0,0,0
513850.SH.parquet,True,155445,0,10130,10130,0,0,0,0,0
513860.SH.parquet,True,294502,0,64714,64714,0,0,0,0,0
513870.SH.parquet,True,158096,0,21653,21653,0,0,0,0,0
513880.SH.parquet,True,413074,0,177484,177484,0,0,0,0,0
513890.SH.parquet,True,253532,0,42552,42552,0,0,0,0,0
513900.SH.parquet,True,476457,0,280506,280506,0,0,0,0,0
513910.SH.parquet,True,138816,0,18578,18578,0,0,0,0,0
513920.SH.parquet,True,147251,0,15108,15108,0,0,0,0,0
513930.SH.parquet,True,20003,0,5564,5564,0,0,0,0,0
513950.SH.parquet,True,187739,0,52852,52852,0,0,0,0,0
513960.SH.parquet,True,154240,0,76814,76814,0,0,0,0,0
513970.SH.parquet,True,188944,0,38607,38607,0,0,0,0,0
513980.SH.parquet,True,294502,0,24328,24328,0,0,0,0,0
513990.SH.parquet,True,345353,0,203119,203119,0,0,0,0,0
518600.SH.parquet,True,347522,0,136357,136357,0,0,0,0,0
518660.SH.parquet,True,358608,0,193045,193045,0,0,0,0,0
518680.SH.parquet,True,348968,0,185966,185966,0,0,0,0,0
518800.SH.parquet,True,759873,0,267685,267684,0,0,0,0,0
518850.SH.parquet,True,357403,0,173302,173302,0,0,0,0,0
518860.SH.parquet,True,341979,0,246975,246975,0,0,0,0,0
518880.SH.parquet,True,759873,0,48293,48293,0,0,0,0,0
518890.SH.parquet,True,338364,0,240379,240379,0,0,0,0,0
520500.SH.parquet,True,90375,0,1713,1713,0,0,0,0,0
520510.SH.parquet,True,54948,0,8441,8441,0,0,0,0,0
520520.SH.parquet,True,100015,0,44113,44113,0,0,0,0,0
520530.SH.parquet,True,35427,0,2630,2630,0,0,0,0,0
520550.SH.parquet,True,85796,0,8116,8116,0,0,0,0,0
520560.SH.parquet,True,45067,0,17065,17065,0,0,0,0,0
520570.SH.parquet,True,39042,0,4728,4728,0,0,0,0,0
520580.SH.parquet,True,82663,0,19518,19518,0,0,0,0,0
520590.SH.parquet,True,36632,0,7844,7844,0,0,0,0,0
520600.SH.parquet,True,90134,0,2396,2396,0,0,0,0,0
520610.SH.parquet,True,25064,0,16818,16818,0,0,0,0,0
520620.SH.parquet,True,53020,0,22253,22253,0,0,0,0,0
520630.SH.parquet,True,33017,0,11553,11553,0,0,0,0,0
520650.SH.parquet,True,40247,0,14383,14383,0,0,0,0,0
520660.SH.parquet,True,118090,0,28274,28274,0,0,0,0,0
520670.SH.parquet,True,53020,0,18755,18755,0,0,0,0,0
520680.SH.parquet,True,18557,0,12512,12512,0,0,0,0,0
520690.SH.parquet,True,55912,0,3423,3423,0,0,0,0,0
520700.SH.parquet,True,103389,0,8289,8289,0,0,0,0,0
520710.SH.parquet,True,8194,0,515,515,0,0,0,0,0
520720.SH.parquet,True,46513,0,15640,15640,0,0,0,0,0
520730.SH.parquet,True,10845,0,6914,6914,0,0,0,0,0
520750.SH.parquet,True,1446,0,259,259,0,0,0,0,0
520760.SH.parquet,True,22895,0,9928,9928,0,0,0,0,0
520770.SH.parquet,True,27474,0,18004,18004,0,0,0,0,0
520780.SH.parquet,True,31812,0,10805,10805,0,0,0,0,0
520790.SH.parquet,True,18075,0,7886,7886,0,0,0,0,0
520810.SH.parquet,True,29884,0,17756,17756,0,0,0,0,0
520820.SH.parquet,True,34222,0,26344,26344,0,0,0,0,0
520830.SH.parquet,True,117126,0,6489,6489,0,0,0,0,0
520840.SH.parquet,True,52056,0,2879,2879,0,0,0,0,0
520850.SH.parquet,True,28679,0,14445,14445,0,0,0,0,0
520860.SH.parquet,True,57117,0,19042,19042,0,0,0,0,0
520870.SH.parquet,True,39524,0,1141,1141,0,0,0,0,0
520880.SH.parquet,True,60491,0,349,349,0,0,0,0,0
520890.SH.parquet,True,106040,0,50319,50319,0,0,0,0,0
520900.SH.parquet,True,118090,0,16575,16575,0,0,0,0,0
520910.SH.parquet,True,26269,0,7061,7061,0,0,0,0,0
520920.SH.parquet,True,45790,0,521,521,0,0,0,0,0
520930.SH.parquet,True,23859,0,11541,11541,0,0,0,0,0
520940.SH.parquet,True,65311,0,45369,45369,0,0,0,0,0
520950.SH.parquet,True,37596,0,15711,15711,0,0,0,0,0
520960.SH.parquet,True,41693,0,32800,32800,0,0,0,0,0
520970.SH.parquet,True,54948,0,5732,5732,0,0,0,0,0
520980.SH.parquet,True,61214,0,414,414,0,0,0,0,0
520990.SH.parquet,True,118090,0,6657,6657,0,0,0,0,0
526000.SH.parquet,True,16147,0,887,887,0,0,0,0,0
526010.SH.parquet,True,14942,0,7518,7518,0,0,0,0,0
526030.SH.parquet,True,3856,0,260,260,0,0,0,0,0
526050.SH.parquet,True,12773,0,930,930,0,0,0,0,0
526070.SH.parquet,True,8435,0,5895,5895,0,0,0,0,0
551000.SH.parquet,True,58563,0,39499,39499,0,0,0,0,0
551030.SH.parquet,True,58563,0,31106,31106,0,0,0,0,0
551060.SH.parquet,True,46754,0,36011,36011,0,0,0,0,0
551300.SH.parquet,True,46754,0,36416,36416,0,0,0,0,0
551500.SH.parquet,True,58563,0,31200,31200,0,0,0,0,0
551510.SH.parquet,True,46754,0,35280,35280,0,0,0,0,0
551520.SH.parquet,True,46754,0,26592,26592,0,0,0,0,0
551550.SH.parquet,True,58563,0,31588,31588,0,0,0,0,0
551560.SH.parquet,True,46754,0,34739,34739,0,0,0,0,0
551580.SH.parquet,True,46754,0,35414,35414,0,0,0,0,0
551800.SH.parquet,True,46754,0,31776,31776,0,0,0,0,0
551900.SH.parquet,True,58563,0,34206,34206,0,0,0,0,0
