field,files_present,rows,finite_rows,missing_rows,missing_rate,zero_rows,zero_rate_among_finite,positive_rows,negative_rows,late_missing_rows,late_missing_rate,min,max,constant_batch_rate,mean_batch_sample_mode_rate,max_batch_sample_mode_rate,max_batch_sample_mode_value,assessment
adx,1397,401237285,247307639,153929646,0.38363744286625806,196077,0.0007928465161563408,247111562,0,93040258,0.34710493592184205,0.0,100.00000000000001,0.00044001173364623054,0.0043436011911113384,1.0,99.99999999003079,review_late_missing
adx_w28,1227,367753950,215787443,151966507,0.41322875525878106,182167,0.0008441964808860541,215605276,0,92143570,0.37505836400865444,0.0,99.99999999999896,0.0003211819495744339,0.003445879152764641,1.0,99.99999999055386,review_late_missing
adx_w7,1227,367753950,215787443,151966507,0.41322875525878106,182577,0.0008460964987661492,215604866,0,92143570,0.37505836400865444,0.0,100.00000000000001,0.0006423638991488678,0.005369298427779653,1.0,99.99999999000006,review_late_missing
annualized_volatility,1397,401237285,367935856,33301429,0.08299684561966868,129538519,0.3520682121288011,238397337,0,2177,8.121725602930402e-06,0.0,36.700639919253625,0.00044001173364623054,0.3521688194713134,1.0,0.21987161465745447,ok
annualized_volatility_w10,1227,367753950,352490621,15263329,0.04150418778642622,169504735,0.48087729120032385,182985886,0,2121,8.633253411630959e-06,0.0,51.90254272157988,0.0003211819495744339,0.4809272952532836,1.0,0.244696691807089,ok
annualized_volatility_w40,1227,367753950,306712446,61041504,0.1659846318441991,86813750,0.2830460619781957,219898696,0,2353,9.577579103049338e-06,0.0,28.596899173912927,0.0003211819495744339,0.28321698858342476,1.0,0.18211860015125822,ok
atr,1397,401237285,377925105,23312180,0.05810073208924241,150439537,0.3980670641078475,227485568,0,2139,7.979959147757524e-06,0.0,8.80971428571429,0.00044001173364623054,0.4145161339484502,1.0,0.00035714285714285747,ok
atr_w28,1227,367753950,325023705,42730245,0.11619248413239341,106972326,0.329121612837439,218051379,0,2243,9.12983847349752e-06,0.0,6.59364285714286,0.00048177292436165086,0.3421679200894144,1.0,3.5714285714285744e-05,ok
atr_w7,1227,367753950,357068440,10685510,0.029056139301834826,188120102,0.5268460634605512,168948338,0,2110,8.588479348675777e-06,0.0,12.809857142857144,0.0008029548739360848,0.5421983184965381,1.0,0.0,ok
awesome_oscillator,1397,401237285,346292491,54944794,0.13693840541264754,98783738,0.2852609876545085,122573697,124935056,2287,8.532102183693997e-06,-13.292205882352931,17.72823529411764,0.00044001173364623054,0.2852670797354561,1.0,-0.0008058823529411008,ok
awesome_oscillator_s10_l68,1227,367753950,265512145,102241805,0.2780168778608632,58077785,0.21873871344001986,102738054,104696306,2697,1.0977786162738658e-05,-11.171823529411768,15.960779411764705,0.0003211819495744339,0.21921118079995142,1.0,-0.0007911764705883506,likely_session_warmup
awesome_oscillator_s3_l10,1227,367753950,354016560,13737390,0.037354840104368695,173842892,0.491058644262291,89587465,90586203,2118,8.621042303552272e-06,-13.299999999999997,14.14,0.0006423638991488678,0.4882330535412443,1.0,0.0,ok
bollinger_band_width,1397,401237285,369600731,31636554,0.07884749294921582,100892259,0.2729763513373571,268708472,0,2169,8.091880033420322e-06,0.0,0.4464164233154657,0.00044001173364623054,0.27311900402427897,1.0,0.005030186282377998,ok
bollinger_band_width_w10,1227,367753950,354016561,13737389,0.03735483738515929,108170253,0.30555139198699804,245846308,0,2117,8.61697193419271e-06,0.0,0.6474864678955367,0.00016059097478721696,0.3071345401278064,1.0,0.003620033505128052,ok
bollinger_band_width_w40,1227,367753950,308238384,59515566,0.16183528688135096,64973771,0.2107906554558111,243264613,0,2342,9.532805040094155e-06,0.0,0.4289006859425744,0.0003211819495744339,0.2111383427144852,1.0,0.004058944887730209,ok
cci,1397,401237285,369600730,31636555,0.07884749544150664,131934792,0.35696572352549194,118183292,119482646,2170,8.095610729609083e-06,-666.6663094853996,666.6664350646425,0.00044001173364623054,0.3568580918439929,1.0,-98.64364981504671,ok
cci_w10,1227,367753950,354016560,13737390,0.037354840104368695,173505304,0.49010505045300706,89998578,90512678,2118,8.621042303552272e-06,-333.3332683560875,333.3332734609921,0.0006423638991488678,0.48715976162924934,1.0,0.0,ok
cci_w40,1227,367753950,308238383,59515567,0.16183528960056037,88027469,0.2855824383169049,109498555,110712359,2343,9.536875409453718e-06,-1333.3319412430008,1333.332173213533,0.0003211819495744339,0.28549539175887384,1.0,-130.51422605064496,ok
cmo,1397,401237285,379593780,21643505,0.05394190871369295,185490374,0.488654935283713,96259447,97843959,0,0.0,-99.99999995143274,99.99999995049505,0.00044001173364623054,0.48760545380596143,1.0,-49.9998750003125,ok
cmo_w28,1227,367753950,326553300,41200650,0.11203319502074689,134855888,0.41296746350442637,95014261,96683151,0,0.0,-99.99999995833333,99.99999995432955,0.0003211819495744339,0.41289091460537847,1.0,-33.33327777787037,ok
cmo_w7,1227,367753950,358598250,9155700,0.024896265560165973,216877822,0.604793308388984,70467292,71253136,0,0.0,-99.99999995143274,99.9999999515034,0.0003211819495744339,0.6048464886567916,1.0,-33.33322222259259,ok
ema,1397,401237285,401233356,3929,9.792210611733154e-06,0,0.0,401233356,0,2081,7.763578768809447e-06,0.13067009630760845,165.43588742127153,0.0002933411557641537,0.019404318562424024,1.0,0.5708580711474207,ok
ema_w10,1227,367753950,367750021,3929,1.068377375688283e-05,0,0.0,367750021,0,2081,8.470438637248479e-06,0.13044812512806506,166.5352100966694,0.00016059097478721696,0.02109899663910558,1.0,0.5705808694334875,ok
ema_w40,1227,367753950,367750021,3929,1.068377375688283e-05,0,0.0,367750021,0,2081,8.470438637248479e-06,0.13081869662720944,163.46002127703755,0.00016059097478721696,0.02101207245526624,1.0,0.5711586383511559,ok
fractional_diff_log_close_d04,1357,388906761,309831044,79075717,0.20332821367433104,43615704,0.1407725431154665,131923128,134292212,2451,9.433850389548162e-06,-0.6672718277094892,0.2736954254118189,0.0003023888720895071,0.14626317819192186,1.0,0.0038516693294793555,likely_session_warmup
garman_klass_volatility,1397,401237285,369600730,31636555,0.07884749544150664,217673960,0.5889435337424793,151926770,0,2170,8.095610729609083e-06,0.0,0.07257732840842449,0.0023467292461132297,0.5888307606072477,1.0,0.0,ok
garman_klass_volatility_w10,1227,367753950,354016560,13737390,0.037354840104368695,242596861,0.6852698105421962,111419699,0,2118,8.621042303552272e-06,0.0,0.10227374617311315,0.007226593865424763,0.6822143231198753,1.0,0.0,ok
garman_klass_volatility_w40,1227,367753950,308238383,59515567,0.16183528960056037,172423937,0.5593850296054791,135814446,0,2343,9.536875409453718e-06,0.0,0.06374244553223625,0.0014453187730849527,0.5592918030336917,1.0,0.0,ok
historical_volatility,1397,401237285,367935856,33301429,0.08299684561966868,129538519,0.3520682121288011,238397337,0,2177,8.121725602930402e-06,0.0,36.700639919253625,0.00044001173364623054,0.3521688194713134,1.0,0.21987161465745447,ok
historical_volatility_w10,1227,367753950,352490621,15263329,0.04150418778642622,169504735,0.48087729120032385,182985886,0,2121,8.633253411630959e-06,0.0,51.90254272157988,0.0003211819495744339,0.4809272952532836,1.0,0.244696691807089,ok
historical_volatility_w40,1227,367753950,306712446,61041504,0.1659846318441991,86813750,0.2830460619781957,219898696,0,2353,9.577579103049338e-06,0.0,28.596899173912927,0.0003211819495744339,0.28321698858342476,1.0,0.18211860015125822,ok
liquidity_depth,1397,401237285,319654532,81582753,0.20332794595596967,76350279,0.23885248403110393,223967391,19336862,2451,9.143936358650627e-06,-3243.0729863642555,32662.13029469344,0.00044001173364623054,0.23856420329998335,1.0,1374.4172414959182,likely_session_warmup
liquidity_depth_w30,1227,367753950,323497767,44256183,0.12034182909524153,105809827,0.3270805482870613,193140818,24547122,2251,9.162401428374016e-06,-10090.479089752525,22301.565533801444,0.0003211819495744339,0.3265292378886353,1.0,2559.5283054670226,ok
liquidity_depth_w80,1227,367753950,247200904,120553046,0.32780897662689956,49763104,0.2013063188474424,188420630,9017170,2952,1.2015730349426964e-05,-2109.794272964327,43885.76312232941,0.0003211819495744339,0.20152216325444178,1.0,1318.0995428576905,likely_session_warmup
liquidity_migration,1397,401237285,319654532,81582753,0.20332794595596967,87176776,0.2727218521025067,97562426,134915330,2451,9.143936358650627e-06,-0.9999999999999998,24999995.875000514,0.00044001173364623054,0.27374395660736756,1.0,0.5056011949213473,likely_session_warmup
liquidity_migration_w30,1227,367753950,323497767,44256183,0.12034182909524153,115221906,0.3561752746194381,86820431,121455430,2251,9.162401428374016e-06,-0.9999999999999999,15005346.874598986,0.0003211819495744339,0.35579150267974546,1.0,44.839080459383574,ok
liquidity_migration_w80,1227,367753950,247200904,120553046,0.32780897662689956,59454320,0.24051012370084213,78356141,109390443,2952,1.2015730349426964e-05,-0.9999999999999999,9086748.636530055,0.0003211819495744339,0.2405696517924743,1.0,-0.4772993034723723,likely_session_warmup
liquidity_ratio,1397,401237285,319654532,81582753,0.20332794595596967,76345402,0.23883722693473342,243309130,0,2451,9.143936358650627e-06,0.0,1680703953.8060234,0.00044001173364623054,0.2385509928782817,1.0,638486.0737390284,likely_session_warmup
liquidity_ratio_w30,1227,367753950,323497767,44256183,0.12034182909524153,105797328,0.3270419112352018,217700439,0,2251,9.162401428374016e-06,0.0,1243864922.789492,0.0003211819495744339,0.3264925500435557,1.0,620167.7520443683,ok
liquidity_ratio_w80,1227,367753950,247200904,120553046,0.32780897662689956,49761247,0.20129880673899153,197439657,0,2952,1.2015730349426964e-05,0.0,815058222.3035998,0.0003211819495744339,0.20151582263288745,1.0,901101.3019436686,likely_session_warmup
liquidity_shock,1397,401237285,319654532,81582753,0.20332794595596967,77176701,0.24143784390330497,26470892,216006939,2451,9.143936358650627e-06,-1.8403635554549351,123276744.46853691,0.00044001173364623054,0.24089994596737366,1.0,2.8622894691991805,likely_session_warmup
liquidity_shock_w10,1227,367753950,354016561,13737389,0.03735483738515929,182724486,0.5161467177802453,28763665,142528410,2117,8.61697193419271e-06,-1110000000.000001,108334041.47927345,0.0006423638991488678,0.5154290795507482,1.0,0.0,ok
liquidity_shock_w20,1227,367753950,338757161,28996789,0.07884834139782863,133670035,0.3945895478796978,27376017,177711109,2169,8.828631140889933e-06,-4.420293898190992,156410604.92952463,0.0003211819495744339,0.3946359451321664,1.0,1.6311912493312763,ok
log_returns,1357,388906761,380834277,8072484,0.020756862079854662,242191842,0.635950744528177,69010804,69631631,2101,8.086707331065153e-06,-0.6673946844575306,0.27388875031944504,0.0006047777441790142,0.6331669815531223,1.0,0.0,ok
lsma,1397,401237285,369600731,31636554,0.07884749294921582,133781442,0.36196206008044934,116747848,119071441,2169,8.091880033420322e-06,-1.4285714285714286,1.349624060150376,0.00044001173364623054,0.36203908918727984,1.0,-8.872180451127827e-05,ok
lsma_w10,1227,367753950,354016561,13737389,0.03735483738515929,178046607,0.5029329884937219,87423455,88546499,2117,8.61697193419271e-06,-3.1196969696969683,3.0606060606060588,0.0006423638991488678,0.49983385979791173,1.0,0.0,ok
lsma_w40,1227,367753950,308238384,59515566,0.16183528688135096,88787042,0.28804667623744096,108510913,110940429,2342,9.532805040094155e-06,-0.7114333958724202,0.6668105065666042,0.0003211819495744339,0.28819770317021876,1.0,-1.4071294559099449e-05,ok
macd,1397,401237285,401233356,3929,9.792210611733154e-06,66575303,0.16592664095454715,167247874,167410179,2081,7.763578768809447e-06,-2.9106070298394426,2.3986934721220448,0.0002933411557641537,0.16600627200146995,1.0,-0.00010973278628604723,ok
macd_f24_s52_sig18,1227,367753950,367750021,3929,1.068377375688283e-05,66006574,0.17948761449560868,150437631,151305816,2081,8.470438637248479e-06,-2.3348393028606997,2.650688274697793,0.00016059097478721696,0.1795603045879089,1.0,-4.699355085164468e-05,ok
macd_f6_s13_sig5,1227,367753950,367750021,3929,1.068377375688283e-05,66006575,0.17948761721484716,150720934,151022512,2081,8.470438637248479e-06,-2.6666612530448117,2.3531596566139314,0.00016059097478721696,0.1795603045879089,1.0,-1.4476622245585815e-05,ok
market_efficiency,1397,401237285,319654532,81582753,0.20332794595596967,0,0.0,319654532,0,2451,9.143936358650627e-06,0.846520846828491,1.0,0.00044001173364623054,0.24891606988753429,1.0,0.9999962245040503,likely_session_warmup
market_efficiency_w30,1227,367753950,323497767,44256183,0.12034182909524153,0,0.0,323497767,0,2251,9.162401428374016e-06,0.7127333499530832,1.0,0.0003211819495744339,0.3412097159302678,1.0,0.9999876848807281,ok
market_efficiency_w80,1227,367753950,247200904,120553046,0.32780897662689956,0,0.0,247200904,0,2952,1.2015730349426964e-05,0.891619658581319,1.0,0.0003211819495744339,0.20661756437574835,1.0,0.99999863680809,likely_session_warmup
market_impact,1397,401237285,319654532,81582753,0.20332794595596967,183704525,0.5746970764049734,66399804,69550203,2451,9.143936358650627e-06,-11094321884.145727,11086476303.649796,0.0014667057788207685,0.579458234601277,1.0,0.0,likely_session_warmup
market_impact_w10,1227,367753950,354016561,13737389,0.03735483738515929,209724508,0.5924143983761256,70547751,73744302,2117,8.61697193419271e-06,-5606147770.549044,6032604655.714004,0.0011241368235105186,0.5899146526440782,1.0,0.0,ok
market_impact_w20,1227,367753950,338757161,28996789,0.07884834139782863,164863735,0.486672324544602,84354934,89538492,2169,8.828631140889933e-06,-5607792670.073993,5648715580.812419,0.00048177292436165086,0.48672046725219253,1.0,0.0,ok
momentum_acceleration,1397,401237285,319654532,81582753,0.20332794595596967,231196809,0.723270862307061,44404890,44052833,2451,9.143936358650627e-06,-0.3015004358815425,0.3076117743482869,0.0027867409797594604,0.7147209433522106,1.0,0.0,likely_session_warmup
momentum_acceleration_w10,1227,367753950,354016561,13737389,0.03735483738515929,263958446,0.745610446173449,45170755,44887360,2117,8.61697193419271e-06,-1.8765984226881947,2.645671313484931,0.0016059097478721696,0.7329051130245876,1.0,0.0,ok
momentum_acceleration_w20,1227,367753950,338757161,28996789,0.07884834139782863,252959585,0.7467283769094994,43056657,42740919,2169,8.828631140889933e-06,-0.5773402693628421,0.5473408036603312,0.0017665007226593866,0.7447577859311368,1.0,0.0,ok
moving_average,1397,401237285,369600731,31636554,0.07884749294921582,0,0.0,369600731,0,2169,8.091880033420322e-06,0.13074999999999998,166.10065,0.00044001173364623054,0.025139928820792957,1.0,0.5710999999999999,ok
moving_average_w10,1227,367753950,354016561,13737389,0.03735483738515929,0,0.0,354016561,0,2117,8.61697193419271e-06,0.1305,166.83200000000002,0.0003211819495744339,0.029241940709138978,1.0,0.5706,ok
moving_average_w40,1227,367753950,308238384,59515566,0.16183528688135096,0,0.0,308238384,0,2342,9.532805040094155e-06,0.130975,164.57175,0.0003211819495744339,0.024859853530528657,1.0,0.57115,ok
obv,1397,401237285,401237285,0,0.0,67902841,0.16923362692976052,162111430,171223014,0,0.0,-4675686000.0,5339506172.0,0.0002933411557641537,0.16932532706080505,1.0,3835900.0,ok
obv_delta_w20,1227,367753950,337231221,30522729,0.08299769179909557,128734525,0.3817396402926762,100641068,107855628,2177,8.861194095766429e-06,-1091106246.0,1256080482.0,0.0003211819495744339,0.38184198231276145,1.0,-494000.0,ok
obv_delta_w5,1227,367753950,360120321,7633629,0.02075743578009155,212689664,0.590607226521938,72081778,75348879,2101,8.551846024439719e-06,-778123500.0,1105072020.0,0.00048177292436165086,0.5879323711469154,1.0,0.0,ok
obv_delta_w50,1227,367753950,291453075,76300875,0.20747805699979566,75429132,0.258803692498355,103942899,112081044,2463,1.0025319732601155e-05,-1914293516.0,1486745973.0,0.0003211819495744339,0.2590739941339392,1.0,-489500.0,likely_session_warmup
order_flow_imbalance,1397,401237285,319654532,81582753,0.20332794595596967,76525035,0.23939918674451954,118209890,124919607,2451,9.143936358650627e-06,-0.9999999999999998,0.9999999999999999,0.00044001173364623054,0.2391289488277302,1.0,-0.9008142116783675,likely_session_warmup
order_flow_imbalance_w10,1227,367753950,354016561,13737389,0.03735483738515929,176405709,0.49829790024992643,86652552,90958300,2117,8.61697193419271e-06,-0.9999999999999998,0.9999999999999996,0.0006423638991488678,0.4951366601436568,1.0,0.0,ok
order_flow_imbalance_w20,1227,367753950,338757161,28996789,0.07884834139782863,131137519,0.3871136439238254,100874806,106744836,2169,8.828631140889933e-06,-0.9999999999999998,0.9999999999999996,0.0003211819495744339,0.38697551889523957,1.0,-0.9366704588369964,ok
orderbook_asymmetry,1397,401237285,319654532,81582753,0.20332794595596967,126578761,0.3959861298009064,79883529,113192242,2451,9.143936358650627e-06,-0.9998774209366538,11098.889001055886,0.0014667057788207685,0.39632446036678337,1.0,0.0,likely_session_warmup
orderbook_asymmetry_w10,1227,367753950,354016561,13737389,0.03735483738515929,252723321,0.7138742896268064,29555886,71737354,2117,8.61697193419271e-06,-0.9999100719425265,11098.889001055886,0.01830737112574273,0.7121480251817398,1.0,0.0,ok
orderbook_asymmetry_w20,1227,367753950,338757161,28996789,0.07884834139782863,197683527,0.5835552713231057,48561351,92512283,2169,8.828631140889933e-06,-0.9996454529345038,11098.889001055886,0.006584229966275896,0.5860430996480575,1.0,0.0,ok
orderbook_pressure,1397,401237285,319654532,81582753,0.20332794595596967,117340837,0.3670864175327882,97172924,105140771,2451,9.143936358650627e-06,-0.9999999996296296,0.9999999995833333,0.00044001173364623054,0.3659488970849103,1.0,-0.1111111109876543,likely_session_warmup
orderbook_pressure_w10,1227,367753950,354016561,13737389,0.03735483738515929,212386197,0.5999329421201851,69519902,72110462,2117,8.61697193419271e-06,-0.9999999988888888,0.9999999988888888,0.0006423638991488678,0.5969665519153114,1.0,0.0,ok
orderbook_pressure_w20,1227,367753950,338757161,28996789,0.07884834139782863,170718735,0.503956092016015,81771194,86267232,2169,8.828631140889933e-06,-0.9999999994736841,0.9999999994736841,0.0003211819495744339,0.5036792106091209,1.0,-0.1999999996,ok
orderflow_significance,1397,401237285,319654532,81582753,0.20332794595596967,76346915,0.23884196016967468,118099556,125208061,2451,9.143936358650627e-06,-6.999999020000138,6.9999990200001365,0.00044001173364623054,0.24993657496398908,1.0,-6.305698599080303,likely_session_warmup
orderflow_significance_w30,1227,367753950,323497767,44256183,0.12034182909524153,105799017,0.3270471322913336,105475456,112223294,2251,9.162401428374016e-06,-5.385164227134567,5.385164227134562,0.0003211819495744339,0.33914293436109405,1.0,-5.044253527394436,ok
orderflow_significance_w80,1227,367753950,247200904,120553046,0.32780897662689956,49762504,0.20130389167185248,95903991,101534409,2952,1.2015730349426964e-05,-8.88819283731587,8.888192837315852,0.0003211819495744339,0.21209159118415508,1.0,-7.883956675948099,likely_session_warmup
parkinson_volatility,1397,401237285,369600730,31636555,0.07884749544150664,217673960,0.5889435337424793,151926770,0,2170,8.095610729609083e-06,0.0,0.08146429049282312,0.0023467292461132297,0.5888936859483646,1.0,0.0,ok
parkinson_volatility_w10,1227,367753950,354016560,13737390,0.037354840104368695,242596861,0.6852698105421962,111419699,0,2118,8.621042303552272e-06,0.0,0.09639286073232664,0.007226593865424763,0.6822515544297804,1.0,0.0,ok
parkinson_volatility_w40,1227,367753950,308238383,59515567,0.16183528960056037,172423937,0.5593850296054791,135814446,0,2343,9.536875409453718e-06,0.0,0.0757963316640108,0.0014453187730849527,0.5593581206076932,1.0,0.0,ok
price_momentum,1397,401237285,367935856,33301429,0.08299684561966868,161998913,0.44029118216736124,101991876,103945067,2177,8.121725602930402e-06,-0.4869565217391304,0.31506849315068486,0.00044001173364623054,0.4402694873629858,1.0,-0.0017513134851138146,ok
price_momentum_w10,1227,367753950,352490621,15263329,0.04150418778642622,196270700,0.5568111271817358,77644184,78575737,2121,8.633253411630959e-06,-0.4869565217391304,0.31506849315068486,0.0003211819495744339,0.5568419324993428,1.0,-0.0017513134851138146,ok
price_momentum_w40,1227,367753950,306712446,61041504,0.1659846318441991,111784434,0.3644600519406376,96593077,98334935,2353,9.577579103049338e-06,-0.4869565217391304,0.31506849315068486,0.0003211819495744339,0.36447786639937263,1.0,-0.0017513134851138146,ok
price_relative,1397,401237285,369600731,31636554,0.07884749294921582,136516602,0.3693623701193383,115342924,117741205,2169,8.091880033420322e-06,-0.10640761243170871,0.10056925996204935,0.00044001173364623054,0.36927333954566,1.0,-0.0008755034144631857,ok
price_relative_w10,1227,367753950,354016561,13737389,0.03735483738515929,181282698,0.5120740608516334,85771656,86962207,2117,8.61697193419271e-06,-0.10548767261947789,0.10056925996204935,0.0006423638991488678,0.5089622179016633,1.0,0.0,ok
price_relative_w40,1227,367753950,308238384,59515566,0.16183528688135096,89916186,0.29170989295090516,107877898,110444300,2342,9.532805040094155e-06,-0.10540775014459225,0.10056925996204935,0.0003211819495744339,0.2915830129454188,1.0,-8.754267705524121e-05,ok
price_velocity,1397,401237285,319654532,81582753,0.20332794595596967,102577644,0.3209015788332386,107278066,109798822,2451,9.143936358650627e-06,-0.8973568256487738,0.8515162248580198,0.00044001173364623054,0.3182403598198619,1.0,-0.04767201585192984,likely_session_warmup
price_velocity_w10,1227,367753950,354016561,13737389,0.03735483738515929,202235574,0.5712602072308137,75447919,76333068,2117,8.61697193419271e-06,-99644.81836576543,190904.35733954387,0.0006423638991488678,0.5673573586735171,1.0,0.0,ok
price_velocity_w20,1227,367753950,338757161,28996789,0.07884834139782863,158362081,0.4674796557289604,89489114,90905966,2169,8.828631140889933e-06,-2.173189424257505,2.3365423436869914,0.0003211819495744339,0.46718844848746294,1.0,-0.10314010338889401,ok
price_volume_decoupling,1397,401237285,319654532,81582753,0.20332794595596967,76517010,0.2393740815162289,243137522,0,2451,9.143936358650627e-06,0.0,1.0000000000040592,0.00044001173364623054,0.23908361306234488,1.0,0.181613121634803,likely_session_warmup
price_volume_decoupling_w30,1227,367753950,323497767,44256183,0.12034182909524153,105983800,0.3276183356158993,217513967,0,2251,9.162401428374016e-06,0.0,1.0000000000080747,0.0003211819495744339,0.32706195331031657,1.0,0.19539261531570432,ok
price_volume_decoupling_w80,1227,367753950,247200904,120553046,0.32780897662689956,49886662,0.20180614711667882,197314242,0,2952,1.2015730349426964e-05,0.0,1.000000000002158,0.0003211819495744339,0.20201388492600042,1.0,0.19535190317807874,likely_session_warmup
price_zscore,1397,401237285,268708472,132528813,0.33030034334919794,33517693,0.12473627180612303,117060585,118130194,71153961,0.2654538111178738,-4.248529180541638,4.248529166010415,0.0002933411557641537,0.12487564670557962,1.0,-1.531639111312345,review_late_missing
price_zscore_w10,1227,367753950,245846308,121907642,0.33149240681167397,69837868,0.2840712499127707,87841352,88167088,69148110,0.2814583482156213,-2.8460498943956103,2.846049894330797,0.0003211819495744339,0.28409760690197333,1.0,-1.161895003834894,review_late_missing
price_zscore_w40,1227,367753950,243264613,124489337,0.33851257613956287,24162146,0.0993245408858542,108986255,110116212,49711404,0.20234377566240683,-6.1664414377575065,6.166441437496545,0.00016059097478721696,0.09936640909709515,1.0,-1.984241351345438,review_late_missing
realized_volatility,1397,401237285,367935856,33301429,0.08299684561966868,129876432,0.35298661405807646,238059424,0,2177,8.121725602930402e-06,0.0,0.6673946844575306,0.00044001173364623054,0.3531766706923318,1.0,0.003916747272560099,ok
realized_volatility_w10,1227,367753950,352490621,15263329,0.04150418778642622,169738044,0.48153917831476145,182752577,0,2121,8.633253411630959e-06,0.0,0.6673946844575306,0.0003211819495744339,0.4816124834240382,1.0,0.003036023227069218,ok
realized_volatility_w40,1227,367753950,306712446,61041504,0.1659846318441991,87132907,0.28408663598868106,219579539,0,2353,9.577579103049338e-06,0.0,0.7261837790527397,0.0003211819495744339,0.2843476607094775,1.0,0.00463296679881371,ok
returns,1357,388906761,380834277,8072484,0.020756862079854662,242191842,0.635950744528177,69010804,69631631,2101,8.086707331065153e-06,-0.4869565217391304,0.31506849315068486,0.0006047777441790142,0.6331669815531223,1.0,0.0,ok
returns_w10,1227,367753950,352490621,15263329,0.04150418778642622,196270700,0.5568111271817358,77644184,78575737,2121,8.633253411630959e-06,-0.4869565217391304,0.31506849315068486,0.0003211819495744339,0.5568419324993428,1.0,-0.0017513134851138146,ok
returns_w20,1227,367753950,337231221,30522729,0.08299769179909557,155232081,0.46031349214846273,90267410,91731730,2177,8.861194095766429e-06,-0.4869565217391304,0.31506849315068486,0.0003211819495744339,0.4603170054740793,1.0,-0.0017513134851138146,ok
returns_w3,1227,367753950,363172201,4581749,0.012458734977557685,258909702,0.7129116746465956,51821587,52440912,2093,8.519283069563223e-06,-0.4869565217391304,0.31506849315068486,0.0020876826722338203,0.7119030582308284,1.0,0.0,ok
roc,1397,401237285,381254856,19982429,0.04980202425604589,194530840,0.5102383272988397,92651435,94072581,2129,7.942652185869925e-06,-48.6956517504726,31.506848883467818,0.00044001173364623054,0.510261575934873,1.0,-0.34965034353758173,ok
roc_w24,1227,367753950,331127462,36626488,0.0995950906849539,143984923,0.43483232145813383,92784432,94358107,2210,8.995516284631974e-06,-48.6956517504726,31.506848883467818,0.0003211819495744339,0.4347367372325755,1.0,-0.17513134544428482,ok
roc_w5,1227,367753950,360120321,7633629,0.02075743578009155,233909684,0.6495320323787005,62779003,63431634,2101,8.551846024439719e-06,-48.6956517504726,31.506848883467818,0.00048177292436165086,0.646760049687331,1.0,0.0,ok
rsi,1397,401237285,379593780,21643505,0.05394190871369295,191079194,0.5033780953945031,188514586,0,0,0.0,0.0,99.9999993069307,0.0008800234672924611,0.5087290830602896,1.0,0.0,ok
rsi_w28,1227,367753950,326553300,41200650,0.11203319502074689,139128064,0.4260500935069405,187425236,0,0,0.0,0.0,99.99999872122764,0.0003211819495744339,0.4305379111931046,1.0,33.33177785036699,ok
rsi_w7,1227,367753950,358598250,9155700,0.024896265560165973,232855889,0.649350321704024,125742361,0,0,0.0,0.0,99.99999966052377,0.0009635458487233017,0.6508517957945867,1.0,0.0,ok
stochastic,1397,401237285,376260230,24977055,0.06225008475969525,202362017,0.5378246247284758,173898213,0,2144,7.998612628701324e-06,0.0,99.99999995049505,0.0008800234672924611,0.538419857427843,1.0,0.0,ok
stochastic_w28,1227,367753950,323497766,44256184,0.12034183181445093,157533836,0.48697039842927387,165963930,0,2252,9.166471797733578e-06,0.0,99.99999995432955,0.0003211819495744339,0.48629165096390636,1.0,16.666583333749998,ok
stochastic_w7,1227,367753950,355542500,12211450,0.03320548970310176,227094032,0.6387254181989495,128448468,0,2114,8.604760826114025e-06,0.0,99.99999995049505,0.0012847277982977357,0.6391316967148383,1.0,0.0,ok
trade_direction_persistence,1397,401237285,319654532,81582753,0.20332794595596967,4685887,0.014659222788682376,244606886,70361759,2451,9.143936358650627e-06,-1.0,1.0,0.00044001173364623054,0.2815667279917127,1.0,0.33333333333333326,likely_session_warmup
trade_direction_persistence_w10,1227,367753950,354016561,13737389,0.03735483738515929,30391814,0.08584856571159111,262341206,61283541,2117,8.61697193419271e-06,-1.0,1.0,0.0006423638991488678,0.5442820795855396,1.0,1.0,ok
trade_direction_persistence_w20,1227,367753950,338757161,28996789,0.07884834139782863,12120936,0.03578060450211413,263374405,63261820,2169,8.828631140889933e-06,-1.0,1.0,0.0003211819495744339,0.43148669572512743,1.0,0.11111111111111116,ok
trade_size_distribution,1397,401237285,319654525,81582760,0.20332796340200537,0,0.0,256957002,62697523,2458,9.170051231971948e-06,-29059407262019.465,5393166492642.864,0.00044001173364623054,0.19668506484765833,1.0,4.28452570756838,likely_session_warmup
trade_size_distribution_w30,1227,367753950,323497750,44256200,0.12034187532180143,0,0.0,236828754,86668996,2268,9.23159770748657e-06,-1.139063455741635e+17,4.5251891768866995e+17,0.0003211819495744339,0.2674061327639169,1.0,4.6727976364629695,ok
trade_size_distribution_w80,1227,367753950,247200904,120553046,0.32780897662689956,0,0.0,205972284,41228620,2952,1.2015730349426964e-05,-342201445650.22375,270682373908.97998,0.0003211819495744339,0.16708560059079064,1.0,4.655786077045214,likely_session_warmup
trix,1397,401237285,399568481,1668804,0.00415914488106458,64915441,0.16246386811476254,165378830,169274210,2085,7.778501553564487e-06,-0.7487765393522139,0.850154436498407,0.0002933411557641537,0.1833367495143952,1.0,-0.00421172940950898,ok
trix_w30,1227,367753950,366224081,1529869,0.004160034175023817,64482403,0.17607362908503005,148380839,153360839,2085,8.486720114686727e-06,-0.3624297971122292,0.4279212102860752,0.00016059097478721696,0.19760604166024232,1.0,-0.004526159189566226,ok
trix_w8,1227,367753950,366224081,1529869,0.004160034175023817,68661818,0.18748580872266563,148006269,149555994,2085,8.486720114686727e-06,-1.379860943379041,1.5684589301447227,0.0003211819495744339,0.20776623902351965,1.0,-0.013397479547205826,ok
volatility_adj_volume,1397,401237285,319654532,81582753,0.20332794595596967,216127050,0.6761269694746577,103527482,0,2451,9.143936358650627e-06,0.0,2637285804471780.5,0.005280140803754767,0.6780547173665304,1.0,0.0,likely_session_warmup
volatility_adj_volume_w10,1227,367753950,354016561,13737389,0.03735483738515929,258976928,0.7315390197239954,95039633,0,2117,8.61697193419271e-06,0.0,220626051261337.7,0.004014774369680424,0.7227076199026654,1.0,0.0,ok
volatility_adj_volume_w20,1227,367753950,338757161,28996789,0.07884834139782863,240331957,0.7094520342848192,98425204,0,2169,8.828631140889933e-06,0.0,255983597237644.75,0.004335956319254858,0.7083819519232186,1.0,0.0,ok
volatility_kurtosis,1397,401237285,367935856,33301429,0.08299684561966868,0,0.0,203138736,164797120,2177,8.121725602930402e-06,-301.4953263639682,1497.5570485629585,0.00044001173364623054,0.3531685828362998,1.0,1.6486078292104487,ok
volatility_kurtosis_w40,1227,367753950,306712446,61041504,0.1659846318441991,0,0.0,201444738,105267708,2353,9.577579103049338e-06,-3.0,1861.8960379754685,0.0003211819495744339,0.28424803053044256,1.0,3.2307542364710233,ok
volatility_kurtosis_w60,1227,367753950,276193705,91560245,0.2489714794361828,0,0.0,197839417,78354288,2589,1.0538186271905965e-05,-667.8540189731867,526.7454313859812,0.0003211819495744339,0.23343328933323046,1.0,2.259502867528513,likely_session_warmup
volatility_regime,1397,401237285,238401651,162835634,0.4058337549562474,78304789,0.3284574107248947,160096862,0,96776909,0.3610452455662681,0.0,55.37248462278922,0.0002933411557641537,0.3284060152332994,1.0,1.6403388028587562,review_late_missing
volatility_regime_s10_l40,1227,367753950,219907083,147846867,0.40202659142070396,63459525,0.28857426570475675,156447558,0,70773606,0.28807471732811185,0.0,8.052569865563257,0.00016059097478721696,0.28865478678660683,1.0,1.3434670449595005,review_late_missing
volatility_regime_s3_l10,1227,367753950,182990624,184763326,0.5024101739763774,67993410,0.37156772578686875,114997214,0,121406403,0.4941689028258336,0.0,7.422770756728304,0.00048177292436165086,0.3711855878126873,1.0,1.8257418583505538,review_late_missing
volatility_skew,1397,401237285,367935856,33301429,0.08299684561966868,129882741,0.3530037610686141,121685171,116367944,2177,8.121725602930402e-06,-4.472563527257211,4.48272564341743,0.00044001173364623054,0.35308753034359214,1.0,-0.11284191662347802,ok
volatility_skew_w40,1227,367753950,306712446,61041504,0.1659846318441991,87138908,0.284106201546187,113697408,105876130,2353,9.577579103049338e-06,-6.325110827280017,6.334798426265285,0.0003211819495744339,0.2842002497744237,1.0,-0.1708403364544616,ok
volatility_skew_w60,1227,367753950,276193705,91560245,0.2489714794361828,64420502,0.23324391843036393,110720485,101052718,2589,1.0538186271905965e-05,-7.7466543924087015,7.748381768991344,0.0003211819495744339,0.2333893819109298,1.0,-0.15546798105410578,likely_session_warmup
volume_clustering,1397,401237285,319654532,81582753,0.20332794595596967,75604460,0.23651928075901643,18643269,225406803,2451,9.143936358650627e-06,-1.0,1.0,0.00044001173364623054,0.38744655658849264,1.0,-0.4285714285714286,likely_session_warmup
volume_clustering_w30,1227,367753950,323497767,44256183,0.12034182909524153,104876106,0.3241942192447962,16668745,201952916,2251,9.162401428374016e-06,-1.0,1.0,0.0003211819495744339,0.46809695203118645,1.0,-0.33333333333333337,ok
volume_clustering_w80,1227,367753950,247200904,120553046,0.32780897662689956,47724781,0.19306070579741894,11733856,187742267,2952,1.2015730349426964e-05,-1.0,1.0,0.0003211819495744339,0.35836740123414373,1.0,-0.6666666666666667,likely_session_warmup
volume_momentum,1397,401237285,212660103,188577182,0.46998917859789624,252315,0.0011864707880819563,66594621,145813167,126001333,0.4700726928017728,-1.0,4.0,0.0011733646230566149,0.3713236632261492,1.0,4.0,review_late_missing
volume_momentum_w10,1227,367753950,211753481,156000469,0.42419794267335537,66803,0.0003154753333193139,49708397,161978281,100211047,0.4078959751984254,-1.0,9.0,0.00048177292436165086,0.4882618612449587,1.0,-1.0,review_late_missing
volume_momentum_w20,1227,367753950,232003569,135750381,0.36913371290777436,23619,0.00010180446836143284,43825637,188154313,78252417,0.31851624046846694,-1.0,19.0,0.0008029548739360848,0.5593343487976564,1.0,-1.0,review_late_missing
volume_price_confirm,1397,401237285,401237285,0,0.0,363928466,0.9070155730916183,37308819,0,0,0.0,0.0,1.0,0.008360222939278381,0.9069715419517861,1.0,0.0,sparse_dominant_zero
volume_price_confirm_rate_w10,1227,367753950,69597579,298156371,0.8107496085358159,6871626,0.09873369302113225,62725953,0,200776287,0.8172336467314222,0.0,1.0,0.1721535249718966,0.25717737402976193,1.0,0.0,review_late_missing
volume_price_confirm_rate_w20,1227,367753950,55033209,312720741,0.8503531804349076,1313154,0.023861119928514436,53720055,0,208574407,0.8489748754416097,0.0,1.0,0.11674963867030673,0.1752017681498421,1.0,0.3,review_late_missing
volume_price_confirm_rate_w5,1227,367753950,87532678,280221272,0.761980318634239,25209596,0.2880021104803854,62323082,0,189846074,0.7727436426427362,0.0,1.0,0.11514372892243456,0.37440166926424123,1.0,0.2,review_late_missing
volume_price_trend,1397,401237285,399568481,1668804,0.00415914488106458,64911324,0.1624535644992479,164705346,169951811,2085,7.778501553564487e-06,-84789666.5272448,30193045.205974903,0.0002933411557641537,0.18332425910238775,1.0,18721.63495578388,ok
volume_price_trend_delta_w20,1227,367753950,337231221,30522729,0.08299769179909557,127849932,0.3791165350019594,102023741,107357548,2177,8.861194095766429e-06,-14034922.345483372,31288398.693281356,0.0003211819495744339,0.37915750872653176,1.0,-864.0081863323644,ok
volume_price_trend_delta_w5,1227,367753950,360120321,7633629,0.02075743578009155,212261800,0.5894191125082331,72659965,75198556,2101,8.551846024439719e-06,-14034922.345483372,30813057.474970233,0.00048177292436165086,0.5867375370587342,1.0,0.0,ok
volume_price_trend_delta_w50,1227,367753950,291453075,76300875,0.20747805699979566,74510539,0.25565192269801923,105601488,111341048,2463,1.0025319732601155e-05,-14034922.345483372,31496761.17525097,0.0003211819495744339,0.25574375968033963,1.0,-856.0876718144677,likely_session_warmup
volume_spike,1397,401237285,319654532,81582753,0.20332794595596967,294390000,0.9209630101537243,25264532,0,2451,9.143936358650627e-06,0.0,154188780.44474965,0.012320328542094456,0.9259484807564687,1.0,0.0,sparse_dominant_zero
volume_spike_w10,1227,367753950,354016561,13737389,0.03735483738515929,325289398,0.9188536182633558,28727163,0,2117,8.61697193419271e-06,0.0,89999989.90000074,0.017665007226593865,0.9125614553827482,1.0,0.0,sparse_dominant_zero
volume_spike_w20,1227,367753950,338757161,28996789,0.07884834139782863,312121834,0.9213733905391892,26635327,0,2169,8.828631140889933e-06,0.0,189999961.90000686,0.016059097478721696,0.9204044902990095,1.0,0.0,sparse_dominant_zero
volume_weighted_price,1397,401237285,319654532,81582753,0.20332794595596967,2716,8.496672901856433e-06,107145126,212506690,2451,9.143936358650627e-06,-0.999999999923442,0.9491525262853696,0.00044001173364623054,0.019724160390131775,1.0,0.0015609067103916283,likely_session_warmup
volume_weighted_price_w10,1227,367753950,354016561,13737389,0.03735483738515929,2507,7.081589609588914e-06,70686150,283327904,2117,8.61697193419271e-06,-0.9999999999355255,0.949152526284148,0.0003211819495744339,0.025451937948419275,1.0,0.00026804363526100714,ok
volume_weighted_price_w20,1227,367753950,338757161,28996789,0.07884834139782863,1313,3.875932824930009e-06,85780662,252975186,2169,8.828631140889933e-06,-0.9999999999300488,0.9491525262853531,0.0003211819495744339,0.023650071563290544,1.0,0.001482619921514232,ok
williams_r,1397,401237285,379589980,21647305,0.05395137941878956,227935425,0.6004779815315462,0,151654555,2134,7.961305666813725e-06,-99.99999996502518,-0.0,0.0007333528894103843,0.5987476640271389,1.0,-0.0,ok
williams_r_w28,1227,367753950,326549644,41204306,0.11204313645033588,173025526,0.5298597906295681,0,153524118,2235,9.097275518621025e-06,-99.99999996502518,-0.0,0.0003211819495744339,0.5294954958220449,1.0,-99.99950000249999,ok
williams_r_w7,1227,367753950,358594380,9159570,0.024906788900567894,256772968,0.7160540775903962,0,101821412,2106,8.572197871237528e-06,-99.99999995143273,-0.0,0.0012847277982977357,0.7161292446889493,1.0,-0.0,ok
