file,factor_rows,factor_columns,source_exists,source_rows,source_duplicate_timestamps,source_nonmonotonic_timestamps,source_invalid_ohlc_rows,source_trade_days,source_min_bars_per_day,source_max_bars_per_day,source_days_lt_200_bars,row_count_difference
150001.SZ.parquet,380780,156,True,380780,0,0,0,1580,241,241,0,0
150002.SZ.parquet,208706,156,True,208706,0,0,0,866,241,241,0,0
150003.SZ.parquet,245579,156,True,245579,0,0,0,1019,241,241,0,0
150006.SZ.parquet,173279,156,True,173279,0,0,0,719,241,241,0,0
150007.SZ.parquet,173279,156,True,173279,0,0,0,719,241,241,0,0
150008.SZ.parquet,632384,156,True,632384,0,0,0,2624,241,241,0,0
150009.SZ.parquet,632384,156,True,632384,0,0,0,2624,241,241,0,0
150010.SZ.parquet,171833,156,True,171833,0,0,0,713,241,241,0,0
150011.SZ.parquet,171833,156,True,171833,0,0,0,713,241,241,0,0
150012.SZ.parquet,612863,156,True,612863,0,0,0,2543,241,241,0,0
150013.SZ.parquet,612863,156,True,612863,0,0,0,2543,241,241,0,0
150016.SZ.parquet,620816,156,True,620816,0,0,0,2576,241,241,0,0
150017.SZ.parquet,620816,156,True,620816,0,0,0,2576,241,241,0,0
150018.SZ.parquet,619611,156,True,619611,0,0,0,2571,241,241,0,0
150019.SZ.parquet,619611,156,True,619611,0,0,0,2571,241,241,0,0
150020.SZ.parquet,421268,156,True,421268,0,0,0,1748,241,241,0,0
150021.SZ.parquet,421268,156,True,421268,0,0,0,1748,241,241,0,0
150022.SZ.parquet,595752,156,True,595752,0,0,0,2472,241,241,0,0
150023.SZ.parquet,595752,156,True,595752,0,0,0,2472,241,241,0,0
150025.SZ.parquet,172315,156,True,172315,0,0,0,715,241,241,0,0
150026.SZ.parquet,172315,156,True,172315,0,0,0,715,241,241,0,0
150027.SZ.parquet,288236,156,True,288236,0,0,0,1196,241,241,0,0
150028.SZ.parquet,575026,156,True,575026,0,0,0,2386,241,241,0,0
150029.SZ.parquet,575267,156,True,575267,0,0,0,2387,241,241,0,0
150030.SZ.parquet,564663,156,True,564663,0,0,0,2343,241,241,0,0
150031.SZ.parquet,564663,156,True,564663,0,0,0,2343,241,241,0,0
150032.SZ.parquet,560325,156,True,560325,0,0,0,2325,241,241,0,0
150033.SZ.parquet,560325,156,True,560325,0,0,0,2325,241,241,0,0
150034.SZ.parquet,283657,156,True,283657,0,0,0,1177,241,241,0,0
150035.SZ.parquet,283657,156,True,283657,0,0,0,1177,241,241,0,0
150036.SZ.parquet,522006,156,True,522006,0,0,0,2166,241,241,0,0
150037.SZ.parquet,522006,156,True,522006,0,0,0,2166,241,241,0,0
150038.SZ.parquet,160024,156,True,160024,0,0,0,664,241,241,0,0
150039.SZ.parquet,351619,156,True,351619,0,0,0,1459,241,241,0,0
150040.SZ.parquet,351619,156,True,351619,0,0,0,1459,241,241,0,0
150041.SZ.parquet,167254,156,True,167254,0,0,0,694,241,241,0,0
150042.SZ.parquet,276909,156,True,276909,0,0,0,1149,241,241,0,0
150043.SZ.parquet,160265,156,True,160265,0,0,0,665,241,241,0,0
150044.SZ.parquet,161229,156,True,161229,0,0,0,669,241,241,0,0
150045.SZ.parquet,161229,156,True,161229,0,0,0,669,241,241,0,0
150046.SZ.parquet,160988,156,True,160988,0,0,0,668,241,241,0,0
150047.SZ.parquet,480072,156,True,480072,0,0,0,1992,241,241,0,0
150048.SZ.parquet,480072,156,True,480072,0,0,0,1992,241,241,0,0
150049.SZ.parquet,501521,156,True,501521,0,0,0,2081,241,241,0,0
150050.SZ.parquet,501521,156,True,501521,0,0,0,2081,241,241,0,0
150051.SZ.parquet,520560,156,True,520560,0,0,0,2160,241,241,0,0
150052.SZ.parquet,520560,156,True,520560,0,0,0,2160,241,241,0,0
150053.SZ.parquet,460069,156,True,460069,0,0,0,1909,241,241,0,0
150054.SZ.parquet,460069,156,True,460069,0,0,0,1909,241,241,0,0
150055.SZ.parquet,461274,156,True,461274,0,0,0,1914,241,241,0,0
150056.SZ.parquet,461274,156,True,461274,0,0,0,1914,241,241,0,0
150057.SZ.parquet,378611,156,True,378611,0,0,0,1571,241,241,0,0
150058.SZ.parquet,378852,156,True,378852,0,0,0,1572,241,241,0,0
150059.SZ.parquet,514535,156,True,514535,0,0,0,2135,241,241,0,0
150060.SZ.parquet,514535,156,True,514535,0,0,0,2135,241,241,0,0
150061.SZ.parquet,171833,156,True,171833,0,0,0,713,241,241,0,0
150062.SZ.parquet,161711,156,True,161711,0,0,0,671,241,241,0,0
150063.SZ.parquet,161711,156,True,161711,0,0,0,671,241,241,0,0
150064.SZ.parquet,504895,156,True,504895,0,0,0,2095,241,241,0,0
150065.SZ.parquet,504895,156,True,504895,0,0,0,2095,241,241,0,0
150066.SZ.parquet,477903,156,True,477903,0,0,0,1983,241,241,0,0
150067.SZ.parquet,477903,156,True,477903,0,0,0,1983,241,241,0,0
150068.SZ.parquet,164844,156,True,164844,0,0,0,684,241,241,0,0
150069.SZ.parquet,171351,156,True,171351,0,0,0,711,241,241,0,0
150070.SZ.parquet,171351,156,True,171351,0,0,0,711,241,241,0,0
150071.SZ.parquet,170387,156,True,170387,0,0,0,707,241,241,0,0
150072.SZ.parquet,170146,156,True,170146,0,0,0,706,241,241,0,0
150073.SZ.parquet,415002,156,True,415002,0,0,0,1722,241,241,0,0
150075.SZ.parquet,415002,156,True,415002,0,0,0,1722,241,241,0,0
150076.SZ.parquet,356921,156,True,356921,0,0,0,1481,241,241,0,0
150077.SZ.parquet,356921,156,True,356921,0,0,0,1481,241,241,0,0
150078.SZ.parquet,170869,156,True,170869,0,0,0,709,241,241,0,0
150079.SZ.parquet,109414,156,True,109414,0,0,0,454,241,241,0,0
150080.SZ.parquet,161229,156,True,161229,0,0,0,669,241,241,0,0
150081.SZ.parquet,160265,156,True,160265,0,0,0,665,241,241,0,0
150082.SZ.parquet,163398,156,True,163398,0,0,0,678,241,241,0,0
150083.SZ.parquet,465612,156,True,465612,0,0,0,1932,241,241,0,0
150084.SZ.parquet,465612,156,True,465612,0,0,0,1932,241,241,0,0
150085.SZ.parquet,289200,156,True,289200,0,0,0,1200,241,241,0,0
150086.SZ.parquet,289682,156,True,289682,0,0,0,1202,241,241,0,0
150088.SZ.parquet,243169,156,True,243169,0,0,0,1009,241,241,0,0
150089.SZ.parquet,243169,156,True,243169,0,0,0,1009,241,241,0,0
150090.SZ.parquet,342461,156,True,342461,0,0,0,1421,241,241,0,0
150091.SZ.parquet,342461,156,True,342461,0,0,0,1421,241,241,0,0
150092.SZ.parquet,454285,156,True,454285,0,0,0,1885,241,241,0,0
150093.SZ.parquet,454285,156,True,454285,0,0,0,1885,241,241,0,0
150094.SZ.parquet,477421,156,True,477421,0,0,0,1981,241,241,0,0
150095.SZ.parquet,477421,156,True,477421,0,0,0,1981,241,241,0,0
150096.SZ.parquet,288477,156,True,288477,0,0,0,1197,241,241,0,0
150097.SZ.parquet,288477,156,True,288477,0,0,0,1197,241,241,0,0
150098.SZ.parquet,173520,156,True,173520,0,0,0,720,241,241,0,0
150099.SZ.parquet,173761,156,True,173761,0,0,0,721,241,241,0,0
150100.SZ.parquet,481518,156,True,481518,0,0,0,1998,241,241,0,0
150101.SZ.parquet,481518,156,True,481518,0,0,0,1998,241,241,0,0
150102.SZ.parquet,161711,156,True,161711,0,0,0,671,241,241,0,0
150104.SZ.parquet,463202,156,True,463202,0,0,0,1922,241,241,0,0
150105.SZ.parquet,463202,156,True,463202,0,0,0,1922,241,241,0,0
150106.SZ.parquet,405121,156,True,405121,0,0,0,1681,241,241,0,0
150107.SZ.parquet,405121,156,True,405121,0,0,0,1681,241,241,0,0
150108.SZ.parquet,290164,156,True,290164,0,0,0,1204,241,241,0,0
150109.SZ.parquet,290405,156,True,290405,0,0,0,1205,241,241,0,0
150110.SZ.parquet,151107,156,True,151107,0,0,0,627,241,241,0,0
150111.SZ.parquet,151107,156,True,151107,0,0,0,627,241,241,0,0
150112.SZ.parquet,318361,156,True,318361,0,0,0,1321,241,241,0,0
150113.SZ.parquet,318843,156,True,318843,0,0,0,1323,241,241,0,0
150114.SZ.parquet,161711,156,True,161711,0,0,0,671,241,241,0,0
150115.SZ.parquet,77843,156,True,77843,0,0,0,323,241,241,0,0
150117.SZ.parquet,459105,156,True,459105,0,0,0,1905,241,241,0,0
150118.SZ.parquet,459105,156,True,459105,0,0,0,1905,241,241,0,0
150120.SZ.parquet,166290,156,True,166290,0,0,0,690,241,241,0,0
150121.SZ.parquet,308239,156,True,308239,0,0,0,1279,241,241,0,0
150122.SZ.parquet,308239,156,True,308239,0,0,0,1279,241,241,0,0
150123.SZ.parquet,448019,156,True,448019,0,0,0,1859,241,241,0,0
150124.SZ.parquet,448019,156,True,448019,0,0,0,1859,241,241,0,0
150127.SZ.parquet,75433,156,True,75433,0,0,0,313,241,241,0,0
150128.SZ.parquet,168941,156,True,168941,0,0,0,701,241,241,0,0
150129.SZ.parquet,161711,156,True,161711,0,0,0,671,241,241,0,0
150130.SZ.parquet,428739,156,True,428739,0,0,0,1779,241,241,0,0
150131.SZ.parquet,428739,156,True,428739,0,0,0,1779,241,241,0,0
150132.SZ.parquet,111342,156,True,111342,0,0,0,462,241,241,0,0
150133.SZ.parquet,227504,156,True,227504,0,0,0,944,241,241,0,0
150134.SZ.parquet,227504,156,True,227504,0,0,0,944,241,241,0,0
150135.SZ.parquet,291851,156,True,291851,0,0,0,1211,241,241,0,0
150136.SZ.parquet,291851,156,True,291851,0,0,0,1211,241,241,0,0
150137.SZ.parquet,103389,156,True,103389,0,0,0,429,241,241,0,0
150138.SZ.parquet,313541,156,True,313541,0,0,0,1301,241,241,0,0
150139.SZ.parquet,313541,156,True,313541,0,0,0,1301,241,241,0,0
150140.SZ.parquet,236421,156,True,236421,0,0,0,981,241,241,0,0
150141.SZ.parquet,236421,156,True,236421,0,0,0,981,241,241,0,0
150142.SZ.parquet,143154,156,True,143154,0,0,0,594,241,241,0,0
150143.SZ.parquet,405362,156,True,405362,0,0,0,1682,241,241,0,0
150144.SZ.parquet,405362,156,True,405362,0,0,0,1682,241,241,0,0
150145.SZ.parquet,421991,156,True,421991,0,0,0,1751,241,241,0,0
150146.SZ.parquet,421991,156,True,421991,0,0,0,1751,241,241,0,0
150147.SZ.parquet,166049,156,True,166049,0,0,0,689,241,241,0,0
150148.SZ.parquet,429462,156,True,429462,0,0,0,1782,241,241,0,0
150149.SZ.parquet,429462,156,True,429462,0,0,0,1782,241,241,0,0
150150.SZ.parquet,427293,156,True,427293,0,0,0,1773,241,241,0,0
150151.SZ.parquet,427293,156,True,427293,0,0,0,1773,241,241,0,0
150152.SZ.parquet,425847,156,True,425847,0,0,0,1767,241,241,0,0
150153.SZ.parquet,425847,156,True,425847,0,0,0,1767,241,241,0,0
150154.SZ.parquet,230878,156,True,230878,0,0,0,958,241,241,0,0
150156.SZ.parquet,226781,156,True,226781,0,0,0,941,241,241,0,0
150157.SZ.parquet,408013,156,True,408013,0,0,0,1693,241,241,0,0
150158.SZ.parquet,408013,156,True,408013,0,0,0,1693,241,241,0,0
150160.SZ.parquet,168941,156,True,168941,0,0,0,701,241,241,0,0
150161.SZ.parquet,165326,156,True,165326,0,0,0,686,241,241,0,0
150164.SZ.parquet,362946,156,True,362946,0,0,0,1506,241,241,0,0
150165.SZ.parquet,362946,156,True,362946,0,0,0,1506,241,241,0,0
150167.SZ.parquet,401988,156,True,401988,0,0,0,1668,241,241,0,0
150168.SZ.parquet,401988,156,True,401988,0,0,0,1668,241,241,0,0
150169.SZ.parquet,389938,156,True,389938,0,0,0,1618,241,241,0,0
150170.SZ.parquet,389938,156,True,389938,0,0,0,1618,241,241,0,0
150171.SZ.parquet,397409,156,True,397409,0,0,0,1649,241,241,0,0
150172.SZ.parquet,397650,156,True,397650,0,0,0,1650,241,241,0,0
150173.SZ.parquet,353547,156,True,353547,0,0,0,1467,241,241,0,0
150174.SZ.parquet,353547,156,True,353547,0,0,0,1467,241,241,0,0
150175.SZ.parquet,391143,156,True,391143,0,0,1,1623,241,241,0,0
150176.SZ.parquet,391143,156,True,391143,0,0,0,1623,241,241,0,0
150177.SZ.parquet,389697,156,True,389697,0,0,0,1617,241,241,0,0
150178.SZ.parquet,389697,156,True,389697,0,0,0,1617,241,241,0,0
150179.SZ.parquet,389456,156,True,389456,0,0,0,1616,241,241,0,0
150233.SZ.parquet,188462,156,True,188462,0,0,0,782,241,241,0,0
150234.SZ.parquet,188462,156,True,188462,0,0,0,782,241,241,0,0
150235.SZ.parquet,331375,156,True,331375,0,0,0,1375,241,241,0,0
150236.SZ.parquet,331375,156,True,331375,0,0,0,1375,241,241,0,0
150237.SZ.parquet,324386,156,True,324386,0,0,0,1346,241,241,0,0
150238.SZ.parquet,324386,156,True,324386,0,0,0,1346,241,241,0,0
150241.SZ.parquet,234493,156,True,234493,0,0,0,973,241,241,0,0
150242.SZ.parquet,234493,156,True,234493,0,0,0,973,241,241,0,0
150243.SZ.parquet,322940,156,True,322940,0,0,0,1340,241,241,0,0
150244.SZ.parquet,322940,156,True,322940,0,0,0,1340,241,241,0,0
150245.SZ.parquet,324386,156,True,324386,0,0,0,1346,241,241,0,0
150246.SZ.parquet,324386,156,True,324386,0,0,0,1346,241,241,0,0
150247.SZ.parquet,322217,156,True,322217,0,0,0,1337,241,241,0,0
150248.SZ.parquet,322217,156,True,322217,0,0,0,1337,241,241,0,0
150249.SZ.parquet,329206,156,True,329206,0,0,0,1366,241,241,0,0
150250.SZ.parquet,329206,156,True,329206,0,0,0,1366,241,241,0,0
150251.SZ.parquet,328965,156,True,328965,0,0,0,1365,241,241,0,0
150252.SZ.parquet,328965,156,True,328965,0,0,0,1365,241,241,0,0
150255.SZ.parquet,302455,156,True,302455,0,0,0,1255,241,241,0,0
150256.SZ.parquet,302455,156,True,302455,0,0,0,1255,241,241,0,0
150257.SZ.parquet,321012,156,True,321012,0,0,0,1332,241,241,0,0
150258.SZ.parquet,321012,156,True,321012,0,0,0,1332,241,241,0,0
150259.SZ.parquet,326555,156,True,326555,0,0,0,1355,241,241,0,0
150260.SZ.parquet,326555,156,True,326555,0,0,0,1355,241,241,0,0
150261.SZ.parquet,327278,156,True,327278,0,0,0,1358,241,241,0,0
150262.SZ.parquet,327278,156,True,327278,0,0,0,1358,241,241,0,0
150263.SZ.parquet,318120,156,True,318120,0,0,0,1320,241,241,0,0
150264.SZ.parquet,318120,156,True,318120,0,0,0,1320,241,241,0,0
150265.SZ.parquet,320048,156,True,320048,0,0,0,1328,241,241,0,0
150266.SZ.parquet,320048,156,True,320048,0,0,0,1328,241,241,0,0
150267.SZ.parquet,301009,156,True,301009,0,0,0,1249,241,241,0,0
150268.SZ.parquet,301009,156,True,301009,0,0,0,1249,241,241,0,0
150269.SZ.parquet,327760,156,True,327760,0,0,0,1360,241,241,0,0
150270.SZ.parquet,327760,156,True,327760,0,0,0,1360,241,241,0,0
150271.SZ.parquet,327519,156,True,327519,0,0,0,1359,241,241,0,0
150272.SZ.parquet,327519,156,True,327519,0,0,0,1359,241,241,0,0
150273.SZ.parquet,329688,156,True,329688,0,0,0,1368,241,241,0,0
150274.SZ.parquet,329688,156,True,329688,0,0,0,1368,241,241,0,0
150275.SZ.parquet,329929,156,True,329929,0,0,0,1369,241,241,0,0
150276.SZ.parquet,329929,156,True,329929,0,0,0,1369,241,241,0,0
150277.SZ.parquet,327519,156,True,327519,0,0,0,1359,241,241,0,0
150278.SZ.parquet,327519,156,True,327519,0,0,0,1359,241,241,0,0
150279.SZ.parquet,299322,156,True,299322,0,0,0,1242,241,241,0,0
150280.SZ.parquet,299322,156,True,299322,0,0,0,1242,241,241,0,0
150281.SZ.parquet,318361,156,True,318361,0,0,0,1321,241,241,0,0
150282.SZ.parquet,318361,156,True,318361,0,0,0,1321,241,241,0,0
150283.SZ.parquet,322940,156,True,322940,0,0,0,1340,241,241,0,0
150284.SZ.parquet,322940,156,True,322940,0,0,0,1340,241,241,0,0
150287.SZ.parquet,324145,156,True,324145,0,0,0,1345,241,241,0,0
150288.SZ.parquet,324145,156,True,324145,0,0,0,1345,241,241,0,0
150289.SZ.parquet,323181,156,True,323181,0,0,0,1341,241,241,0,0
150290.SZ.parquet,323181,156,True,323181,0,0,0,1341,241,241,0,0
150291.SZ.parquet,312336,156,True,312336,0,0,0,1296,241,241,0,0
150292.SZ.parquet,312336,156,True,312336,0,0,0,1296,241,241,0,0
150293.SZ.parquet,319325,156,True,319325,0,0,0,1325,241,241,0,0
150294.SZ.parquet,319325,156,True,319325,0,0,0,1325,241,241,0,0
150295.SZ.parquet,320289,156,True,320289,0,0,0,1329,241,241,0,0
150296.SZ.parquet,320289,156,True,320289,0,0,0,1329,241,241,0,0
150297.SZ.parquet,315951,156,True,315951,0,0,0,1311,241,241,0,0
150298.SZ.parquet,315951,156,True,315951,0,0,0,1311,241,241,0,0
150299.SZ.parquet,325591,156,True,325591,0,0,0,1351,241,241,0,0
150300.SZ.parquet,325591,156,True,325591,0,0,0,1351,241,241,0,0
150301.SZ.parquet,325591,156,True,325591,0,0,0,1351,241,241,0,0
150302.SZ.parquet,325591,156,True,325591,0,0,0,1351,241,241,0,0
150303.SZ.parquet,321253,156,True,321253,0,0,0,1333,241,241,0,0
150304.SZ.parquet,321253,156,True,321253,0,0,0,1333,241,241,0,0
150305.SZ.parquet,218346,156,True,218346,0,0,0,906,241,241,0,0
150306.SZ.parquet,218346,156,True,218346,0,0,0,906,241,241,0,0
150307.SZ.parquet,322940,156,True,322940,0,0,0,1340,241,241,0,0
150308.SZ.parquet,322940,156,True,322940,0,0,0,1340,241,241,0,0
150309.SZ.parquet,321253,156,True,321253,0,0,0,1333,241,241,0,0
150310.SZ.parquet,321253,156,True,321253,0,0,0,1333,241,241,0,0
150311.SZ.parquet,321253,156,True,321253,0,0,0,1333,241,241,0,0
150312.SZ.parquet,321253,156,True,321253,0,0,0,1333,241,241,0,0
150315.SZ.parquet,324627,156,True,324627,0,0,0,1347,241,241,0,0
150316.SZ.parquet,324627,156,True,324627,0,0,0,1347,241,241,0,0
150317.SZ.parquet,312818,156,True,312818,0,0,0,1298,241,241,0,0
150318.SZ.parquet,312818,156,True,312818,0,0,0,1298,241,241,0,0
150321.SZ.parquet,323904,156,True,323904,0,0,0,1344,241,241,0,0
150322.SZ.parquet,323904,156,True,323904,0,0,0,1344,241,241,0,0
150323.SZ.parquet,293538,156,True,293538,0,0,0,1218,241,241,0,0
150324.SZ.parquet,293538,156,True,293538,0,0,0,1218,241,241,0,0
150325.SZ.parquet,307516,156,True,307516,0,0,0,1276,241,241,0,0
150326.SZ.parquet,307516,156,True,307516,0,0,0,1276,241,241,0,0
150327.SZ.parquet,305106,156,True,305106,0,0,0,1266,241,241,0,0
150328.SZ.parquet,305106,156,True,305106,0,0,0,1266,241,241,0,0
150329.SZ.parquet,316674,156,True,316674,0,0,0,1314,241,241,0,0
150330.SZ.parquet,316674,156,True,316674,0,0,0,1314,241,241,0,0
150331.SZ.parquet,175930,156,True,175930,0,0,0,730,241,241,0,0
150332.SZ.parquet,175930,156,True,175930,0,0,0,730,241,241,0,0
150335.SZ.parquet,315951,156,True,315951,0,0,0,1311,241,241,0,0
150336.SZ.parquet,315951,156,True,315951,0,0,0,1311,241,241,0,0
150343.SZ.parquet,310649,156,True,310649,0,0,0,1289,241,241,0,0
150344.SZ.parquet,310649,156,True,310649,0,0,0,1289,241,241,0,0
159001.SZ.parquet,646362,156,True,652146,0,0,0,2706,241,241,0,-5784
159003.SZ.parquet,646362,156,True,652146,0,0,0,2706,241,241,0,-5784
159005.SZ.parquet,633348,156,True,639132,0,0,0,2652,241,241,0,-5784
159007.SZ.parquet,9158,156,True,14942,0,0,0,62,241,241,0,-5784
159008.SZ.parquet,7471,156,True,13255,0,0,0,55,241,241,0,-5784
159009.SZ.parquet,9881,156,True,15665,0,0,0,65,241,241,0,-5784
159010.SZ.parquet,5543,156,True,11327,0,0,0,47,241,241,0,-5784
159012.SZ.parquet,4338,156,True,10122,0,0,0,42,241,241,0,-5784
159013.SZ.parquet,7471,156,True,13255,0,0,0,55,241,241,0,-5784
159015.SZ.parquet,6266,156,True,12050,0,0,0,50,241,241,0,-5784
159016.SZ.parquet,5302,156,True,11086,0,0,0,46,241,241,0,-5784
159017.SZ.parquet,6266,156,True,12050,0,0,0,50,241,241,0,-5784
159018.SZ.parquet,7712,156,True,13496,0,0,0,56,241,241,0,-5784
159019.SZ.parquet,8194,156,True,13978,0,0,0,58,241,241,0,-5784
159020.SZ.parquet,7712,156,True,13496,0,0,0,56,241,241,0,-5784
159021.SZ.parquet,5061,156,True,10845,0,0,0,45,241,241,0,-5784
159022.SZ.parquet,7953,156,True,13737,0,0,0,57,241,241,0,-5784
159026.SZ.parquet,7953,156,True,13737,0,0,0,57,241,241,0,-5784
159027.SZ.parquet,5061,156,True,10845,0,0,0,45,241,241,0,-5784
159028.SZ.parquet,5302,156,True,11086,0,0,0,46,241,241,0,-5784
159029.SZ.parquet,4097,156,True,9881,0,0,0,41,241,241,0,-5784
159030.SZ.parquet,5784,156,True,11568,0,0,0,48,241,241,0,-5784
159031.SZ.parquet,2410,156,True,8194,0,0,0,34,241,241,0,-5784
159032.SZ.parquet,5543,156,True,11327,0,0,0,47,241,241,0,-5784
159033.SZ.parquet,1446,156,True,7230,0,0,0,30,241,241,0,-5784
159035.SZ.parquet,5061,156,True,10845,0,0,0,45,241,241,0,-5784
159036.SZ.parquet,482,156,True,6266,0,0,0,26,241,241,0,-5784
159037.SZ.parquet,482,156,True,6266,0,0,0,26,241,241,0,-5784
159038.SZ.parquet,4097,156,True,9881,0,0,0,41,241,241,0,-5784
159040.SZ.parquet,3856,52,True,3856,0,0,0,16,241,241,0,0
159041.SZ.parquet,723,156,True,6507,0,0,0,27,241,241,0,-5784
159042.SZ.parquet,964,156,True,6748,0,0,0,28,241,241,0,-5784
159046.SZ.parquet,482,156,True,6266,0,0,0,26,241,241,0,-5784
159048.SZ.parquet,723,156,True,6507,0,0,0,27,241,241,0,-5784
159050.SZ.parquet,964,156,True,6748,0,0,0,28,241,241,0,-5784
159051.SZ.parquet,964,156,True,6748,0,0,0,28,241,241,0,-5784
159052.SZ.parquet,482,156,True,6266,0,0,0,26,241,241,0,-5784
159053.SZ.parquet,964,156,True,6748,0,0,0,28,241,241,0,-5784
159055.SZ.parquet,964,156,True,6748,0,0,0,28,241,241,0,-5784
159056.SZ.parquet,964,156,True,6748,0,0,0,28,241,241,0,-5784
159060.SZ.parquet,723,156,True,6507,0,0,0,27,241,241,0,-5784
159091.SZ.parquet,482,52,True,482,0,0,0,2,241,241,0,0
159100.SZ.parquet,33740,156,True,39524,0,0,0,164,241,241,0,-5784
159101.SZ.parquet,44585,156,True,50369,0,0,0,209,241,241,0,-5784
159102.SZ.parquet,42416,156,True,48200,0,0,0,200,241,241,0,-5784
159103.SZ.parquet,43380,156,True,49164,0,0,0,204,241,241,0,-5784
159105.SZ.parquet,35668,156,True,41452,0,0,0,172,241,241,0,-5784
159106.SZ.parquet,37596,156,True,43380,0,0,0,180,241,241,0,-5784
159107.SZ.parquet,41452,156,True,47236,0,0,0,196,241,241,0,-5784
159108.SZ.parquet,32053,156,True,37837,0,0,0,157,241,241,0,-5784
159109.SZ.parquet,39524,156,True,45308,0,0,0,188,241,241,0,-5784
159110.SZ.parquet,40970,156,True,46754,0,0,0,194,241,241,0,-5784
159111.SZ.parquet,40970,156,True,46754,0,0,0,194,241,241,0,-5784
159112.SZ.parquet,40970,156,True,46754,0,0,0,194,241,241,0,-5784
159113.SZ.parquet,40970,156,True,46754,0,0,0,194,241,241,0,-5784
159115.SZ.parquet,40970,156,True,46754,0,0,0,194,241,241,0,-5784
159116.SZ.parquet,40970,156,True,46754,0,0,0,194,241,241,0,-5784
159117.SZ.parquet,38319,156,True,44103,0,0,0,183,241,241,0,-5784
159118.SZ.parquet,31330,156,True,37114,0,0,0,154,241,241,0,-5784
159119.SZ.parquet,33740,156,True,39524,0,0,0,164,241,241,0,-5784
159120.SZ.parquet,33740,156,True,39524,0,0,0,164,241,241,0,-5784
159121.SZ.parquet,32053,156,True,37837,0,0,0,157,241,241,0,-5784
159122.SZ.parquet,35668,156,True,41452,0,0,0,172,241,241,0,-5784
159123.SZ.parquet,31330,156,True,37114,0,0,0,154,241,241,0,-5784
159125.SZ.parquet,34945,156,True,40729,0,0,0,169,241,241,0,-5784
159126.SZ.parquet,35668,156,True,41452,0,0,0,172,241,241,0,-5784
159127.SZ.parquet,32535,156,True,38319,0,0,0,159,241,241,0,-5784
159128.SZ.parquet,33740,156,True,39524,0,0,0,164,241,241,0,-5784
159129.SZ.parquet,33499,156,True,39283,0,0,0,163,241,241,0,-5784
159130.SZ.parquet,31330,156,True,37114,0,0,0,154,241,241,0,-5784
159131.SZ.parquet,33740,156,True,39524,0,0,0,164,241,241,0,-5784
159132.SZ.parquet,24582,156,True,30366,0,0,0,126,241,241,0,-5784
159133.SZ.parquet,31812,156,True,37596,0,0,0,156,241,241,0,-5784
159135.SZ.parquet,18798,156,True,24582,0,0,0,102,241,241,0,-5784
159136.SZ.parquet,26510,156,True,32294,0,0,0,134,241,241,0,-5784
159137.SZ.parquet,24100,156,True,29884,0,0,0,124,241,241,0,-5784
159138.SZ.parquet,23859,156,True,29643,0,0,0,123,241,241,0,-5784
159139.SZ.parquet,27474,156,True,33258,0,0,0,138,241,241,0,-5784
159140.SZ.parquet,27715,156,True,33499,0,0,0,139,241,241,0,-5784
159141.SZ.parquet,28920,156,True,34704,0,0,0,144,241,241,0,-5784
159142.SZ.parquet,28679,156,True,34463,0,0,0,143,241,241,0,-5784
159143.SZ.parquet,24100,156,True,29884,0,0,0,124,241,241,0,-5784
159145.SZ.parquet,22895,156,True,28679,0,0,0,119,241,241,0,-5784
159146.SZ.parquet,22654,156,True,28438,0,0,0,118,241,241,0,-5784
159147.SZ.parquet,21931,156,True,27715,0,0,0,115,241,241,0,-5784
159148.SZ.parquet,18798,156,True,24582,0,0,0,102,241,241,0,-5784
159149.SZ.parquet,22654,156,True,28438,0,0,0,118,241,241,0,-5784
159150.SZ.parquet,145805,156,True,151589,0,0,0,629,241,241,0,-5784
159151.SZ.parquet,23618,156,True,29402,0,0,0,122,241,241,0,-5784
159152.SZ.parquet,20244,156,True,26028,0,0,0,108,241,241,0,-5784
159153.SZ.parquet,19280,156,True,25064,0,0,0,104,241,241,0,-5784
159155.SZ.parquet,22413,156,True,28197,0,0,0,117,241,241,0,-5784
159156.SZ.parquet,18557,156,True,24341,0,0,0,101,241,241,0,-5784
159157.SZ.parquet,19521,156,True,25305,0,0,0,105,241,241,0,-5784
159158.SZ.parquet,21449,156,True,27233,0,0,0,113,241,241,0,-5784
159159.SZ.parquet,18557,156,True,24341,0,0,0,101,241,241,0,-5784
159160.SZ.parquet,12532,156,True,18316,0,0,0,76,241,241,0,-5784
159162.SZ.parquet,20967,156,True,26751,0,0,0,111,241,241,0,-5784
159163.SZ.parquet,19280,156,True,25064,0,0,0,104,241,241,0,-5784
159165.SZ.parquet,18557,156,True,24341,0,0,0,101,241,241,0,-5784
159166.SZ.parquet,14219,156,True,20003,0,0,0,83,241,241,0,-5784
159167.SZ.parquet,18557,156,True,24341,0,0,0,101,241,241,0,-5784
159168.SZ.parquet,18557,156,True,24341,0,0,0,101,241,241,0,-5784
159169.SZ.parquet,16629,156,True,22413,0,0,0,93,241,241,0,-5784
159170.SZ.parquet,13978,156,True,19762,0,0,0,82,241,241,0,-5784
159171.SZ.parquet,16388,156,True,22172,0,0,0,92,241,241,0,-5784
159172.SZ.parquet,13737,156,True,19521,0,0,0,81,241,241,0,-5784
159173.SZ.parquet,11568,156,True,17352,0,0,0,72,241,241,0,-5784
159175.SZ.parquet,16388,156,True,22172,0,0,0,92,241,241,0,-5784
159176.SZ.parquet,11327,156,True,17111,0,0,0,71,241,241,0,-5784
159177.SZ.parquet,11568,156,True,17352,0,0,0,72,241,241,0,-5784
159178.SZ.parquet,7471,156,True,13255,0,0,0,55,241,241,0,-5784
159179.SZ.parquet,11327,156,True,17111,0,0,0,71,241,241,0,-5784
159180.SZ.parquet,11327,156,True,17111,0,0,0,71,241,241,0,-5784
159181.SZ.parquet,13978,156,True,19762,0,0,0,82,241,241,0,-5784
159182.SZ.parquet,6266,156,True,12050,0,0,0,50,241,241,0,-5784
159183.SZ.parquet,13255,156,True,19039,0,0,0,79,241,241,0,-5784
159185.SZ.parquet,7953,156,True,13737,0,0,0,57,241,241,0,-5784
159186.SZ.parquet,8917,156,True,14701,0,0,0,61,241,241,0,-5784
159187.SZ.parquet,11809,156,True,17593,0,0,0,73,241,241,0,-5784
159188.SZ.parquet,10363,156,True,16147,0,0,0,67,241,241,0,-5784
159189.SZ.parquet,13978,156,True,19762,0,0,0,82,241,241,0,-5784
159190.SZ.parquet,12291,156,True,18075,0,0,0,75,241,241,0,-5784
159191.SZ.parquet,12773,156,True,18557,0,0,0,77,241,241,0,-5784
159192.SZ.parquet,6989,156,True,12773,0,0,0,53,241,241,0,-5784
159193.SZ.parquet,6748,156,True,12532,0,0,0,52,241,241,0,-5784
159195.SZ.parquet,11568,156,True,17352,0,0,0,72,241,241,0,-5784
159196.SZ.parquet,11568,156,True,17352,0,0,0,72,241,241,0,-5784
159197.SZ.parquet,11568,156,True,17352,0,0,0,72,241,241,0,-5784
159198.SZ.parquet,11327,156,True,17111,0,0,0,71,241,241,0,-5784
159199.SZ.parquet,10604,156,True,16388,0,0,0,68,241,241,0,-5784
159200.SZ.parquet,52779,156,True,58563,0,0,0,243,241,241,0,-5784
159201.SZ.parquet,75674,156,True,81458,0,0,0,338,241,241,0,-5784
159202.SZ.parquet,67721,156,True,73505,0,0,0,305,241,241,0,-5784
159203.SZ.parquet,55912,156,True,61696,0,0,0,256,241,241,0,-5784
159205.SZ.parquet,58804,156,True,64588,0,0,0,268,241,241,0,-5784
159206.SZ.parquet,73023,156,True,78807,0,0,0,327,241,241,0,-5784
159207.SZ.parquet,68926,156,True,74710,0,0,0,310,241,241,0,-5784
159208.SZ.parquet,64106,156,True,69890,0,0,0,290,241,241,0,-5784
159209.SZ.parquet,71336,156,True,77120,0,0,0,320,241,241,0,-5784
159210.SZ.parquet,60250,156,True,66034,0,0,0,274,241,241,0,-5784
159211.SZ.parquet,68203,156,True,73987,0,0,0,307,241,241,0,-5784
159212.SZ.parquet,68926,156,True,74710,0,0,0,310,241,241,0,-5784
159213.SZ.parquet,65311,156,True,71095,0,0,0,295,241,241,0,-5784
159215.SZ.parquet,69408,156,True,75192,0,0,0,312,241,241,0,-5784
159216.SZ.parquet,68444,156,True,74228,0,0,0,308,241,241,0,-5784
159217.SZ.parquet,69649,156,True,75433,0,0,0,313,241,241,0,-5784
159218.SZ.parquet,62178,156,True,67962,0,0,0,282,241,241,0,-5784
159219.SZ.parquet,63865,156,True,69649,0,0,0,289,241,241,0,-5784
159220.SZ.parquet,64106,156,True,69890,0,0,0,290,241,241,0,-5784
159221.SZ.parquet,63865,156,True,69649,0,0,0,289,241,241,0,-5784
159222.SZ.parquet,67480,156,True,73264,0,0,0,304,241,241,0,-5784
159223.SZ.parquet,55189,156,True,60973,0,0,0,253,241,241,0,-5784
159225.SZ.parquet,67480,156,True,73264,0,0,0,304,241,241,0,-5784
159226.SZ.parquet,60973,156,True,66757,0,0,0,277,241,241,0,-5784
159227.SZ.parquet,63142,156,True,68926,0,0,0,286,241,241,0,-5784
159228.SZ.parquet,57840,156,True,63624,0,0,0,264,241,241,0,-5784
159229.SZ.parquet,63383,156,True,69167,0,0,0,287,241,241,0,-5784
159230.SZ.parquet,60732,156,True,66516,0,0,0,276,241,241,0,-5784
159231.SZ.parquet,65552,156,True,71336,0,0,0,296,241,241,0,-5784
159232.SZ.parquet,65311,156,True,71095,0,0,0,295,241,241,0,-5784
159233.SZ.parquet,60250,156,True,66034,0,0,0,274,241,241,0,-5784
159235.SZ.parquet,65311,156,True,71095,0,0,0,295,241,241,0,-5784
159236.SZ.parquet,63142,156,True,68926,0,0,0,286,241,241,0,-5784
159237.SZ.parquet,54707,156,True,60491,0,0,0,251,241,241,0,-5784
159238.SZ.parquet,59527,156,True,65311,0,0,0,271,241,241,0,-5784
159239.SZ.parquet,61214,156,True,66998,0,0,0,278,241,241,0,-5784
159240.SZ.parquet,58081,156,True,63865,0,0,0,265,241,241,0,-5784
159241.SZ.parquet,60973,156,True,66757,0,0,0,277,241,241,0,-5784
159242.SZ.parquet,51574,156,True,57358,0,0,0,238,241,241,0,-5784
159243.SZ.parquet,25305,156,True,31089,0,0,0,129,241,241,0,-5784
159245.SZ.parquet,57599,156,True,63383,0,0,0,263,241,241,0,-5784
159246.SZ.parquet,53984,156,True,59768,0,0,0,248,241,241,0,-5784
159247.SZ.parquet,20485,156,True,26269,0,0,0,109,241,241,0,-5784
159248.SZ.parquet,51574,156,True,57358,0,0,0,238,241,241,0,-5784
159249.SZ.parquet,55430,156,True,61214,0,0,0,254,241,241,0,-5784
159251.SZ.parquet,51574,156,True,57358,0,0,0,238,241,241,0,-5784
159253.SZ.parquet,29643,156,True,35427,0,0,0,147,241,241,0,-5784
159255.SZ.parquet,49887,156,True,55671,0,0,0,231,241,241,0,-5784
159256.SZ.parquet,49887,156,True,55671,0,0,0,231,241,241,0,-5784
159257.SZ.parquet,51092,156,True,56876,0,0,0,236,241,241,0,-5784
159258.SZ.parquet,50128,156,True,55912,0,0,0,232,241,241,0,-5784
159259.SZ.parquet,45549,156,True,51333,0,0,0,213,241,241,0,-5784
159260.SZ.parquet,35427,156,True,41211,0,0,0,171,241,241,0,-5784
159261.SZ.parquet,54707,156,True,60491,0,0,0,251,241,241,0,-5784
159262.SZ.parquet,54707,156,True,60491,0,0,0,251,241,241,0,-5784
159263.SZ.parquet,54466,156,True,60250,0,0,0,250,241,241,0,-5784
159265.SZ.parquet,55430,156,True,61214,0,0,0,254,241,241,0,-5784
159266.SZ.parquet,50128,156,True,55912,0,0,0,232,241,241,0,-5784
159267.SZ.parquet,50128,156,True,55912,0,0,0,232,241,241,0,-5784
159268.SZ.parquet,52297,156,True,58081,0,0,0,241,241,241,0,-5784
159269.SZ.parquet,53984,156,True,59768,0,0,0,248,241,241,0,-5784
159270.SZ.parquet,51574,156,True,57358,0,0,0,238,241,241,0,-5784
159271.SZ.parquet,48682,156,True,54466,0,0,0,226,241,241,0,-5784
159272.SZ.parquet,41693,156,True,47477,0,0,0,197,241,241,0,-5784
159273.SZ.parquet,49405,156,True,55189,0,0,0,229,241,241,0,-5784
159275.SZ.parquet,40247,156,True,46031,0,0,0,191,241,241,0,-5784
159276.SZ.parquet,51092,156,True,56876,0,0,0,236,241,241,0,-5784
159277.SZ.parquet,47959,156,True,53743,0,0,0,223,241,241,0,-5784
159278.SZ.parquet,48441,156,True,54225,0,0,0,225,241,241,0,-5784
159279.SZ.parquet,40247,156,True,46031,0,0,0,191,241,241,0,-5784
159280.SZ.parquet,47477,156,True,53261,0,0,0,221,241,241,0,-5784
159281.SZ.parquet,44826,156,True,50610,0,0,0,210,241,241,0,-5784
159283.SZ.parquet,46754,156,True,52538,0,0,0,218,241,241,0,-5784
159285.SZ.parquet,38078,156,True,43862,0,0,0,182,241,241,0,-5784
159286.SZ.parquet,44826,156,True,50610,0,0,0,210,241,241,0,-5784
159287.SZ.parquet,45790,156,True,51574,0,0,0,214,241,241,0,-5784
159288.SZ.parquet,40488,156,True,46272,0,0,0,192,241,241,0,-5784
159289.SZ.parquet,42657,156,True,48441,0,0,0,201,241,241,0,-5784
159290.SZ.parquet,42175,156,True,47959,0,0,0,199,241,241,0,-5784
159291.SZ.parquet,45067,156,True,50851,0,0,0,211,241,241,0,-5784
159292.SZ.parquet,44826,156,True,50610,0,0,0,210,241,241,0,-5784
159293.SZ.parquet,23859,156,True,29643,0,0,0,123,241,241,0,-5784
159295.SZ.parquet,35427,156,True,41211,0,0,0,171,241,241,0,-5784
159296.SZ.parquet,44344,156,True,50128,0,0,0,208,241,241,0,-5784
159297.SZ.parquet,41452,156,True,47236,0,0,0,196,241,241,0,-5784
159298.SZ.parquet,43862,156,True,49646,0,0,0,206,241,241,0,-5784
159299.SZ.parquet,43139,156,True,48923,0,0,0,203,241,241,0,-5784
159300.SZ.parquet,118090,156,True,123874,0,0,0,514,241,241,0,-5784
159301.SZ.parquet,110378,156,True,116162,0,0,0,482,241,241,0,-5784
159302.SZ.parquet,103148,156,True,108932,0,0,0,452,241,241,0,-5784
159303.SZ.parquet,114475,156,True,120259,0,0,0,499,241,241,0,-5784
159305.SZ.parquet,99051,156,True,104835,0,0,0,435,241,241,0,-5784
159306.SZ.parquet,121946,156,True,127730,0,0,0,530,241,241,0,-5784
159307.SZ.parquet,124356,156,True,130140,0,0,0,540,241,241,0,-5784
159309.SZ.parquet,116162,156,True,121946,0,0,0,506,241,241,0,-5784
159310.SZ.parquet,123633,156,True,129417,0,0,0,537,241,241,0,-5784
159311.SZ.parquet,53261,156,True,59045,0,0,0,245,241,241,0,-5784
159312.SZ.parquet,93026,156,True,98810,0,0,0,410,241,241,0,-5784
159315.SZ.parquet,116644,156,True,122428,0,0,0,508,241,241,0,-5784
159316.SZ.parquet,71095,156,True,76879,0,0,0,319,241,241,0,-5784
159318.SZ.parquet,115439,156,True,121223,0,0,0,503,241,241,0,-5784
159320.SZ.parquet,85314,156,True,91098,0,0,0,378,241,241,0,-5784
159321.SZ.parquet,119777,156,True,125561,0,0,0,521,241,241,0,-5784
159322.SZ.parquet,116644,156,True,122428,0,0,0,508,241,241,0,-5784
159323.SZ.parquet,82904,156,True,88688,0,0,0,368,241,241,0,-5784
159325.SZ.parquet,93026,156,True,98810,0,0,0,410,241,241,0,-5784
159326.SZ.parquet,101943,156,True,107727,0,0,0,447,241,241,0,-5784
159327.SZ.parquet,107968,156,True,113752,0,0,0,472,241,241,0,-5784
159328.SZ.parquet,91821,156,True,97605,0,0,0,405,241,241,0,-5784
159329.SZ.parquet,111342,156,True,117126,0,0,0,486,241,241,0,-5784
159330.SZ.parquet,105558,156,True,111342,0,0,0,462,241,241,0,-5784
159331.SZ.parquet,108450,156,True,114234,0,0,0,474,241,241,0,-5784
159332.SZ.parquet,108450,156,True,114234,0,0,0,474,241,241,0,-5784
159333.SZ.parquet,102907,156,True,108691,0,0,0,451,241,241,0,-5784
159335.SZ.parquet,102425,156,True,108209,0,0,0,449,241,241,0,-5784
159336.SZ.parquet,78325,156,True,84109,0,0,0,349,241,241,0,-5784
159337.SZ.parquet,100256,156,True,106040,0,0,0,440,241,241,0,-5784
159338.SZ.parquet,97364,156,True,103148,0,0,0,428,241,241,0,-5784
159339.SZ.parquet,97364,156,True,103148,0,0,0,428,241,241,0,-5784
159350.SZ.parquet,145805,156,True,151589,0,0,0,629,241,241,0,-5784
159351.SZ.parquet,97364,156,True,103148,0,0,0,428,241,241,0,-5784
159352.SZ.parquet,97364,156,True,103148,0,0,0,428,241,241,0,-5784
159353.SZ.parquet,97364,156,True,103148,0,0,0,428,241,241,0,-5784
159355.SZ.parquet,88929,156,True,94713,0,0,0,393,241,241,0,-5784
159356.SZ.parquet,88206,156,True,93990,0,0,0,390,241,241,0,-5784
159357.SZ.parquet,89652,156,True,95436,0,0,0,396,241,241,0,-5784
159358.SZ.parquet,89411,156,True,95195,0,0,0,395,241,241,0,-5784
159359.SZ.parquet,89170,156,True,94954,0,0,0,394,241,241,0,-5784
159360.SZ.parquet,89652,156,True,95436,0,0,0,396,241,241,0,-5784
159361.SZ.parquet,91339,156,True,97123,0,0,0,403,241,241,0,-5784
159362.SZ.parquet,89170,156,True,94954,0,0,0,394,241,241,0,-5784
159363.SZ.parquet,86760,156,True,92544,0,0,0,384,241,241,0,-5784
159365.SZ.parquet,55912,156,True,61696,0,0,0,256,241,241,0,-5784
159366.SZ.parquet,68203,156,True,73987,0,0,0,307,241,241,0,-5784
159367.SZ.parquet,77843,156,True,83627,0,0,0,347,241,241,0,-5784
159368.SZ.parquet,71577,156,True,77361,0,0,0,321,241,241,0,-5784
159369.SZ.parquet,46754,156,True,52538,0,0,0,218,241,241,0,-5784
159370.SZ.parquet,80976,156,True,86760,0,0,0,360,241,241,0,-5784
159371.SZ.parquet,78325,156,True,84109,0,0,0,349,241,241,0,-5784
159372.SZ.parquet,59527,156,True,65311,0,0,0,271,241,241,0,-5784
159373.SZ.parquet,78807,156,True,84591,0,0,0,351,241,241,0,-5784
159375.SZ.parquet,82422,156,True,88206,0,0,0,366,241,241,0,-5784
159376.SZ.parquet,82181,156,True,87965,0,0,0,365,241,241,0,-5784
159377.SZ.parquet,67962,156,True,73746,0,0,0,306,241,241,0,-5784
159378.SZ.parquet,82422,156,True,88206,0,0,0,366,241,241,0,-5784
159379.SZ.parquet,80253,156,True,86037,0,0,0,357,241,241,0,-5784
159380.SZ.parquet,82904,156,True,88688,0,0,0,368,241,241,0,-5784
159381.SZ.parquet,71577,156,True,77361,0,0,0,321,241,241,0,-5784
159382.SZ.parquet,64347,156,True,70131,0,0,0,291,241,241,0,-5784
159383.SZ.parquet,77843,156,True,83627,0,0,0,347,241,241,0,-5784
159385.SZ.parquet,60732,156,True,66516,0,0,0,276,241,241,0,-5784
159386.SZ.parquet,78566,156,True,84350,0,0,0,350,241,241,0,-5784
159387.SZ.parquet,59286,156,True,65070,0,0,0,270,241,241,0,-5784
159388.SZ.parquet,69408,156,True,75192,0,0,0,312,241,241,0,-5784
159389.SZ.parquet,60732,156,True,66516,0,0,0,276,241,241,0,-5784
159390.SZ.parquet,68926,156,True,74710,0,0,0,310,241,241,0,-5784
159391.SZ.parquet,66998,156,True,72782,0,0,0,302,241,241,0,-5784
159392.SZ.parquet,63624,156,True,69408,0,0,0,288,241,241,0,-5784
159393.SZ.parquet,73987,156,True,79771,0,0,0,331,241,241,0,-5784
159395.SZ.parquet,79771,156,True,85555,0,0,0,355,241,241,0,-5784
159396.SZ.parquet,79289,156,True,85073,0,0,0,353,241,241,0,-5784
159397.SZ.parquet,79048,156,True,84832,0,0,0,352,241,241,0,-5784
159398.SZ.parquet,79289,156,True,85073,0,0,0,353,241,241,0,-5784
159399.SZ.parquet,75674,156,True,81458,0,0,0,338,241,241,0,-5784
159400.SZ.parquet,52779,156,True,58563,0,0,0,243,241,241,0,-5784
159500.SZ.parquet,45308,156,True,51092,0,0,0,212,241,241,0,-5784
159501.SZ.parquet,174725,156,True,180509,0,0,0,749,241,241,0,-5784
159502.SZ.parquet,140744,156,True,146528,0,0,0,608,241,241,0,-5784
159503.SZ.parquet,58322,156,True,58322,0,0,0,242,241,241,0,0
159505.SZ.parquet,147010,156,True,152794,0,0,0,634,241,241,0,-5784
159506.SZ.parquet,172074,156,True,177858,0,0,0,738,241,241,0,-5784
159507.SZ.parquet,173520,156,True,179304,0,0,0,744,241,241,0,-5784
159508.SZ.parquet,169905,156,True,175689,0,0,0,729,241,241,0,-5784
159509.SZ.parquet,165808,156,True,171592,0,0,0,712,241,241,0,-5784
159510.SZ.parquet,164362,156,True,170146,0,0,0,706,241,241,0,-5784
159511.SZ.parquet,166049,156,True,171833,0,0,0,713,241,241,0,-5784
159512.SZ.parquet,168218,156,True,174002,0,0,0,722,241,241,0,-5784
159513.SZ.parquet,167495,156,True,173279,0,0,0,719,241,241,0,-5784
159515.SZ.parquet,160747,156,True,166531,0,0,0,691,241,241,0,-5784
159516.SZ.parquet,167736,156,True,173520,0,0,0,720,241,241,0,-5784
159517.SZ.parquet,160988,156,True,166772,0,0,0,692,241,241,0,-5784
159518.SZ.parquet,150143,156,True,155927,0,0,0,647,241,241,0,-5784
159519.SZ.parquet,161711,156,True,167495,0,0,0,695,241,241,0,-5784
159520.SZ.parquet,152794,156,True,158578,0,0,0,658,241,241,0,-5784
159521.SZ.parquet,160506,156,True,166290,0,0,0,690,241,241,0,-5784
159522.SZ.parquet,51574,156,True,51574,0,0,0,214,241,241,0,0
159523.SZ.parquet,158578,156,True,164362,0,0,0,682,241,241,0,-5784
159525.SZ.parquet,120982,156,True,126766,0,0,0,526,241,241,0,-5784
159526.SZ.parquet,124597,156,True,130381,0,0,0,541,241,241,0,-5784
159527.SZ.parquet,136888,156,True,142672,0,0,0,592,241,241,0,-5784
159528.SZ.parquet,120982,156,True,126766,0,0,0,526,241,241,0,-5784
159529.SZ.parquet,136647,156,True,142431,0,0,0,591,241,241,0,-5784
159530.SZ.parquet,139298,156,True,145082,0,0,0,602,241,241,0,-5784
159531.SZ.parquet,158819,156,True,164603,0,0,0,683,241,241,0,-5784
159532.SZ.parquet,158096,156,True,163880,0,0,0,680,241,241,0,-5784
159533.SZ.parquet,117608,156,True,123392,0,0,0,512,241,241,0,-5784
159535.SZ.parquet,157855,156,True,163639,0,0,0,679,241,241,0,-5784
159536.SZ.parquet,158096,156,True,163880,0,0,0,680,241,241,0,-5784
159537.SZ.parquet,156409,156,True,162193,0,0,0,673,241,241,0,-5784
159538.SZ.parquet,157855,156,True,163639,0,0,0,679,241,241,0,-5784
159539.SZ.parquet,156891,156,True,162675,0,0,0,675,241,241,0,-5784
159540.SZ.parquet,156891,156,True,162675,0,0,0,675,241,241,0,-5784
159541.SZ.parquet,152794,156,True,158578,0,0,0,658,241,241,0,-5784
159542.SZ.parquet,117608,156,True,123392,0,0,0,512,241,241,0,-5784
159543.SZ.parquet,149420,156,True,155204,0,0,0,644,241,241,0,-5784
159545.SZ.parquet,126284,156,True,132068,0,0,0,548,241,241,0,-5784
159546.SZ.parquet,154481,156,True,160265,0,0,0,665,241,241,0,-5784
159547.SZ.parquet,136165,156,True,141949,0,0,0,589,241,241,0,-5784
159549.SZ.parquet,145805,156,True,151589,0,0,0,629,241,241,0,-5784
159550.SZ.parquet,56153,156,True,61937,0,0,0,257,241,241,0,-5784
159551.SZ.parquet,149902,156,True,155686,0,0,0,646,241,241,0,-5784
159552.SZ.parquet,114234,156,True,120018,0,0,0,498,241,241,0,-5784
159553.SZ.parquet,126284,156,True,132068,0,0,0,548,241,241,0,-5784
159555.SZ.parquet,145564,156,True,151348,0,0,0,628,241,241,0,-5784
159556.SZ.parquet,140744,156,True,146528,0,0,0,608,241,241,0,-5784
159557.SZ.parquet,120500,156,True,126284,0,0,0,524,241,241,0,-5784
159558.SZ.parquet,116162,156,True,121946,0,0,0,506,241,241,0,-5784
159559.SZ.parquet,145564,156,True,151348,0,0,0,628,241,241,0,-5784
159560.SZ.parquet,149420,156,True,155204,0,0,0,644,241,241,0,-5784
159561.SZ.parquet,123633,156,True,129417,0,0,0,537,241,241,0,-5784
159562.SZ.parquet,138816,156,True,144600,0,0,0,600,241,241,0,-5784
159563.SZ.parquet,134478,156,True,140262,0,0,0,582,241,241,0,-5784
159565.SZ.parquet,134237,156,True,140021,0,0,0,581,241,241,0,-5784
159566.SZ.parquet,135683,156,True,141467,0,0,0,587,241,241,0,-5784
159567.SZ.parquet,140503,156,True,146287,0,0,0,607,241,241,0,-5784
159568.SZ.parquet,133996,156,True,139780,0,0,0,580,241,241,0,-5784
159569.SZ.parquet,104835,156,True,110619,0,0,0,459,241,241,0,-5784
159570.SZ.parquet,138816,156,True,144600,0,0,0,600,241,241,0,-5784
159571.SZ.parquet,142190,156,True,147974,0,0,0,614,241,241,0,-5784
159572.SZ.parquet,143395,156,True,149179,0,0,0,619,241,241,0,-5784
159573.SZ.parquet,143395,156,True,149179,0,0,0,619,241,241,0,-5784
159575.SZ.parquet,142190,156,True,147974,0,0,0,614,241,241,0,-5784
159576.SZ.parquet,141949,156,True,147733,0,0,0,613,241,241,0,-5784
159577.SZ.parquet,134478,156,True,140262,0,0,0,582,241,241,0,-5784
159578.SZ.parquet,117608,156,True,123392,0,0,0,512,241,241,0,-5784
159579.SZ.parquet,38560,156,True,38560,0,0,0,160,241,241,0,0
159581.SZ.parquet,130863,156,True,136647,0,0,0,567,241,241,0,-5784
159582.SZ.parquet,126043,156,True,131827,0,0,0,547,241,241,0,-5784
159583.SZ.parquet,112788,156,True,118572,0,0,0,492,241,241,0,-5784
159586.SZ.parquet,130863,156,True,136647,0,0,0,567,241,241,0,-5784
159587.SZ.parquet,105076,156,True,110860,0,0,0,460,241,241,0,-5784
159588.SZ.parquet,118813,156,True,124597,0,0,0,517,241,241,0,-5784
159589.SZ.parquet,129176,156,True,134960,0,0,0,560,241,241,0,-5784
159590.SZ.parquet,93508,156,True,99292,0,0,0,412,241,241,0,-5784
159591.SZ.parquet,130622,156,True,136406,0,0,0,566,241,241,0,-5784
159592.SZ.parquet,130622,156,True,136406,0,0,0,566,241,241,0,-5784
159593.SZ.parquet,131586,156,True,137370,0,0,0,570,241,241,0,-5784
159595.SZ.parquet,130622,156,True,136406,0,0,0,566,241,241,0,-5784
159596.SZ.parquet,130622,156,True,136406,0,0,0,566,241,241,0,-5784
159597.SZ.parquet,119777,156,True,125561,0,0,0,521,241,241,0,-5784
159599.SZ.parquet,122910,156,True,128694,0,0,0,534,241,241,0,-5784
159600.SZ.parquet,52779,156,True,58563,0,0,0,243,241,241,0,-5784
159601.SZ.parquet,268474,156,True,274258,0,0,0,1138,241,241,0,-5784
159602.SZ.parquet,268474,156,True,274258,0,0,0,1138,241,241,0,-5784
159603.SZ.parquet,234734,156,True,240518,0,0,0,998,241,241,0,-5784
159605.SZ.parquet,264136,156,True,269920,0,0,0,1120,241,241,0,-5784
159606.SZ.parquet,259557,156,True,265341,0,0,0,1101,241,241,0,-5784
159607.SZ.parquet,264136,156,True,269920,0,0,0,1120,241,241,0,-5784
159608.SZ.parquet,260521,156,True,266305,0,0,0,1105,241,241,0,-5784
159609.SZ.parquet,229432,156,True,235216,0,0,0,976,241,241,0,-5784
159610.SZ.parquet,257870,156,True,263654,0,0,0,1094,241,241,0,-5784
159611.SZ.parquet,258111,156,True,263895,0,0,0,1095,241,241,0,-5784
159612.SZ.parquet,237626,156,True,243410,0,0,0,1010,241,241,0,-5784
159613.SZ.parquet,254737,156,True,260521,0,0,0,1081,241,241,0,-5784
159615.SZ.parquet,231360,156,True,237144,0,0,0,984,241,241,0,-5784
159616.SZ.parquet,224371,156,True,230155,0,0,0,955,241,241,0,-5784
159617.SZ.parquet,230878,156,True,236662,0,0,0,982,241,241,0,-5784
159618.SZ.parquet,241723,156,True,247507,0,0,0,1027,241,241,0,-5784
159619.SZ.parquet,252086,156,True,257870,0,0,0,1070,241,241,0,-5784
159620.SZ.parquet,224612,156,True,230396,0,0,0,956,241,241,0,-5784
159621.SZ.parquet,218587,156,True,224371,0,0,0,931,241,241,0,-5784
159622.SZ.parquet,180991,156,True,186775,0,0,0,775,241,241,0,-5784
159623.SZ.parquet,218587,156,True,224371,0,0,0,931,241,241,0,-5784
159625.SZ.parquet,240518,156,True,246302,0,0,0,1022,241,241,0,-5784
159627.SZ.parquet,206055,156,True,211839,0,0,0,879,241,241,0,-5784
159628.SZ.parquet,227986,156,True,233770,0,0,0,970,241,241,0,-5784
159629.SZ.parquet,225094,156,True,230878,0,0,0,958,241,241,0,-5784
159630.SZ.parquet,211116,156,True,216900,0,0,0,900,241,241,0,-5784
159631.SZ.parquet,220997,156,True,226781,0,0,0,941,241,241,0,-5784
159632.SZ.parquet,225094,156,True,230878,0,0,0,958,241,241,0,-5784
159633.SZ.parquet,224853,156,True,230637,0,0,0,957,241,241,0,-5784
159635.SZ.parquet,228950,156,True,234734,0,0,0,974,241,241,0,-5784
159636.SZ.parquet,227504,156,True,233288,0,0,0,968,241,241,0,-5784
159637.SZ.parquet,220033,156,True,225817,0,0,0,937,241,241,0,-5784
159638.SZ.parquet,223407,156,True,229191,0,0,0,951,241,241,0,-5784
159639.SZ.parquet,227745,156,True,233529,0,0,0,969,241,241,0,-5784
159640.SZ.parquet,227263,156,True,233047,0,0,0,967,241,241,0,-5784
159641.SZ.parquet,227022,156,True,232806,0,0,0,966,241,241,0,-5784
159642.SZ.parquet,227263,156,True,233047,0,0,0,967,241,241,0,-5784
159643.SZ.parquet,221961,156,True,227745,0,0,0,945,241,241,0,-5784
159645.SZ.parquet,216177,156,True,221961,0,0,0,921,241,241,0,-5784
159646.SZ.parquet,103871,156,True,103871,0,0,0,431,241,241,0,0
159647.SZ.parquet,226058,156,True,231842,0,0,0,962,241,241,0,-5784
159649.SZ.parquet,212562,156,True,218346,0,0,0,906,241,241,0,-5784
159650.SZ.parquet,211598,156,True,217382,0,0,0,902,241,241,0,-5784
159651.SZ.parquet,208465,156,True,214249,0,0,0,889,241,241,0,-5784
159652.SZ.parquet,195451,156,True,201235,0,0,0,835,241,241,0,-5784
159653.SZ.parquet,187739,156,True,193523,0,0,0,803,241,241,0,-5784
159655.SZ.parquet,212321,156,True,218105,0,0,0,905,241,241,0,-5784
159656.SZ.parquet,198343,156,True,204127,0,0,0,847,241,241,0,-5784
159657.SZ.parquet,189908,156,True,195692,0,0,0,812,241,241,0,-5784
159658.SZ.parquet,214490,156,True,220274,0,0,0,914,241,241,0,-5784
159659.SZ.parquet,182678,156,True,188462,0,0,0,782,241,241,0,-5784
159660.SZ.parquet,184124,156,True,189908,0,0,0,788,241,241,0,-5784
159661.SZ.parquet,147251,156,True,153035,0,0,0,635,241,241,0,-5784
159662.SZ.parquet,205814,156,True,211598,0,0,0,878,241,241,0,-5784
159663.SZ.parquet,212080,156,True,217864,0,0,0,904,241,241,0,-5784
159665.SZ.parquet,199789,156,True,205573,0,0,0,853,241,241,0,-5784
159666.SZ.parquet,194728,156,True,200512,0,0,0,832,241,241,0,-5784
159667.SZ.parquet,212080,156,True,217864,0,0,0,904,241,241,0,-5784
159669.SZ.parquet,199066,156,True,204850,0,0,0,850,241,241,0,-5784
159670.SZ.parquet,180991,156,True,186775,0,0,0,775,241,241,0,-5784
159671.SZ.parquet,190149,156,True,195933,0,0,0,813,241,241,0,-5784
159672.SZ.parquet,186293,156,True,192077,0,0,0,797,241,241,0,-5784
159673.SZ.parquet,169664,156,True,175448,0,0,0,728,241,241,0,-5784
159675.SZ.parquet,205573,156,True,211357,0,0,0,877,241,241,0,-5784
159676.SZ.parquet,184847,156,True,190631,0,0,0,791,241,241,0,-5784
159677.SZ.parquet,205332,156,True,211116,0,0,0,876,241,241,0,-5784
159678.SZ.parquet,192318,156,True,198102,0,0,0,822,241,241,0,-5784
159679.SZ.parquet,193041,156,True,198825,0,0,0,825,241,241,0,-5784
159680.SZ.parquet,206055,156,True,211839,0,0,0,879,241,241,0,-5784
159681.SZ.parquet,200512,156,True,206296,0,0,0,856,241,241,0,-5784
159682.SZ.parquet,200512,156,True,206296,0,0,0,856,241,241,0,-5784
159683.SZ.parquet,117849,156,True,117849,0,0,0,489,241,241,0,0
159685.SZ.parquet,186293,156,True,192077,0,0,0,797,241,241,0,-5784
159686.SZ.parquet,169182,156,True,174966,0,0,0,726,241,241,0,-5784
159687.SZ.parquet,200753,156,True,206537,0,0,0,857,241,241,0,-5784
159688.SZ.parquet,194246,156,True,200030,0,0,0,830,241,241,0,-5784
159689.SZ.parquet,189908,156,True,195692,0,0,0,812,241,241,0,-5784
159690.SZ.parquet,171351,156,True,177135,0,0,0,735,241,241,0,-5784
159691.SZ.parquet,183160,156,True,188944,0,0,0,784,241,241,0,-5784
159692.SZ.parquet,178581,156,True,184365,0,0,0,765,241,241,0,-5784
159693.SZ.parquet,27474,156,True,27474,0,0,0,114,241,241,0,0
159695.SZ.parquet,180750,156,True,186534,0,0,0,774,241,241,0,-5784
159696.SZ.parquet,162675,156,True,168459,0,0,0,699,241,241,0,-5784
159697.SZ.parquet,181714,156,True,187498,0,0,0,778,241,241,0,-5784
159698.SZ.parquet,163880,156,True,169664,0,0,0,704,241,241,0,-5784
159699.SZ.parquet,163157,156,True,168941,0,0,0,701,241,241,0,-5784
159700.SZ.parquet,52779,156,True,58563,0,0,0,243,241,241,0,-5784
159701.SZ.parquet,260521,156,True,266305,0,0,0,1105,241,241,0,-5784
159702.SZ.parquet,90134,156,True,90134,0,0,0,374,241,241,0,0
159703.SZ.parquet,292815,156,True,298599,0,0,0,1239,241,241,0,-5784
159706.SZ.parquet,261244,156,True,267028,0,0,0,1108,241,241,0,-5784
159707.SZ.parquet,267510,156,True,273294,0,0,0,1134,241,241,0,-5784
159708.SZ.parquet,288718,156,True,294502,0,0,0,1222,241,241,0,-5784
159709.SZ.parquet,288718,156,True,294502,0,0,0,1222,241,241,0,-5784
159710.SZ.parquet,144359,156,True,144359,0,0,0,599,241,241,0,0
159711.SZ.parquet,259798,156,True,265582,0,0,0,1102,241,241,0,-5784
159712.SZ.parquet,267751,156,True,273535,0,0,0,1135,241,241,0,-5784
159713.SZ.parquet,281247,156,True,287031,0,0,0,1191,241,241,0,-5784
159715.SZ.parquet,276668,156,True,282452,0,0,0,1172,241,241,0,-5784
159716.SZ.parquet,289682,156,True,295466,0,0,0,1226,241,241,0,-5784
159717.SZ.parquet,274017,156,True,279801,0,0,0,1161,241,241,0,-5784
159718.SZ.parquet,259798,156,True,265582,0,0,0,1102,241,241,0,-5784
159719.SZ.parquet,259798,156,True,265582,0,0,0,1102,241,241,0,-5784
159720.SZ.parquet,285826,156,True,291610,0,0,0,1210,241,241,0,-5784
159721.SZ.parquet,289923,156,True,295707,0,0,0,1227,241,241,0,-5784
159723.SZ.parquet,272330,156,True,278114,0,0,0,1154,241,241,0,-5784
159725.SZ.parquet,288718,156,True,294502,0,0,0,1222,241,241,0,-5784
159726.SZ.parquet,265823,156,True,271607,0,0,0,1127,241,241,0,-5784
159728.SZ.parquet,257629,156,True,263413,0,0,0,1093,241,241,0,-5784
159729.SZ.parquet,285585,156,True,291369,0,0,0,1209,241,241,0,-5784
159730.SZ.parquet,260280,156,True,266064,0,0,0,1104,241,241,0,-5784
159731.SZ.parquet,262690,156,True,268474,0,0,0,1114,241,241,0,-5784
159732.SZ.parquet,280042,156,True,285826,0,0,0,1186,241,241,0,-5784
159733.SZ.parquet,141467,156,True,141467,0,0,0,587,241,241,0,0
159735.SZ.parquet,293297,156,True,299081,0,0,0,1241,241,241,0,-5784
159736.SZ.parquet,274499,156,True,280283,0,0,0,1163,241,241,0,-5784
159738.SZ.parquet,254496,156,True,260280,0,0,0,1080,241,241,0,-5784
159739.SZ.parquet,266787,156,True,272571,0,0,0,1131,241,241,0,-5784
159740.SZ.parquet,294743,156,True,300527,0,0,0,1247,241,241,0,-5784
159741.SZ.parquet,293538,156,True,299322,0,0,0,1242,241,241,0,-5784
159742.SZ.parquet,295225,156,True,301009,0,0,0,1249,241,241,0,-5784
159743.SZ.parquet,257629,156,True,263413,0,0,0,1093,241,241,0,-5784
159745.SZ.parquet,291128,156,True,296912,0,0,0,1232,241,241,0,-5784
159747.SZ.parquet,286790,156,True,292574,0,0,0,1214,241,241,0,-5784
159748.SZ.parquet,263895,156,True,269679,0,0,0,1119,241,241,0,-5784
159750.SZ.parquet,253050,156,True,258834,0,0,0,1074,241,241,0,-5784
159751.SZ.parquet,259798,156,True,265582,0,0,0,1102,241,241,0,-5784
159752.SZ.parquet,284380,156,True,290164,0,0,0,1204,241,241,0,-5784
159755.SZ.parquet,290164,156,True,295948,0,0,0,1228,241,241,0,-5784
159757.SZ.parquet,282452,156,True,288236,0,0,0,1196,241,241,0,-5784
159758.SZ.parquet,259798,156,True,265582,0,0,0,1102,241,241,0,-5784
159760.SZ.parquet,261244,156,True,267028,0,0,0,1108,241,241,0,-5784
159761.SZ.parquet,262449,156,True,268233,0,0,0,1113,241,241,0,-5784
159763.SZ.parquet,276427,156,True,282211,0,0,0,1171,241,241,0,-5784
159766.SZ.parquet,285103,156,True,290887,0,0,0,1207,241,241,0,-5784
159767.SZ.parquet,280042,156,True,285826,0,0,0,1186,241,241,0,-5784
159768.SZ.parquet,252568,156,True,258352,0,0,0,1072,241,241,0,-5784
159769.SZ.parquet,137611,156,True,137611,0,0,0,571,241,241,0,0
159770.SZ.parquet,268474,156,True,274258,0,0,0,1138,241,241,0,-5784
159773.SZ.parquet,273535,156,True,279319,0,0,0,1159,241,241,0,-5784
159775.SZ.parquet,255460,156,True,261244,0,0,0,1084,241,241,0,-5784
159776.SZ.parquet,246061,156,True,251845,0,0,0,1045,241,241,0,-5784
159777.SZ.parquet,272089,156,True,277873,0,0,0,1153,241,241,0,-5784
159778.SZ.parquet,252327,156,True,258111,0,0,0,1071,241,241,0,-5784
159779.SZ.parquet,265100,156,True,270884,0,0,0,1124,241,241,0,-5784
159780.SZ.parquet,288477,156,True,294261,0,0,0,1221,241,241,0,-5784
159781.SZ.parquet,288477,156,True,294261,0,0,0,1221,241,241,0,-5784
159782.SZ.parquet,287995,156,True,293779,0,0,0,1219,241,241,0,-5784
159783.SZ.parquet,288477,156,True,294261,0,0,0,1221,241,241,0,-5784
159786.SZ.parquet,282693,156,True,288477,0,0,0,1197,241,241,0,-5784
159787.SZ.parquet,247989,156,True,253773,0,0,0,1053,241,241,0,-5784
159788.SZ.parquet,250158,156,True,255942,0,0,0,1062,241,241,0,-5784
159789.SZ.parquet,107486,156,True,107486,0,0,0,446,241,241,0,0
159790.SZ.parquet,282693,156,True,288477,0,0,0,1197,241,241,0,-5784
159791.SZ.parquet,249194,156,True,254978,0,0,0,1058,241,241,0,-5784
159792.SZ.parquet,274258,156,True,280042,0,0,0,1162,241,241,0,-5784
159793.SZ.parquet,265582,156,True,271366,0,0,0,1126,241,241,0,-5784
159795.SZ.parquet,253050,156,True,258834,0,0,0,1074,241,241,0,-5784
159796.SZ.parquet,248230,156,True,254014,0,0,0,1054,241,241,0,-5784
159797.SZ.parquet,238590,156,True,244374,0,0,0,1014,241,241,0,-5784
159798.SZ.parquet,239313,156,True,245097,0,0,0,1017,241,241,0,-5784
159800.SZ.parquet,111824,156,True,117608,0,0,0,488,241,241,0,-5784
159801.SZ.parquet,369453,156,True,375237,0,0,0,1557,241,241,0,-5784
159802.SZ.parquet,21931,156,True,21931,0,0,0,91,241,241,0,0
159803.SZ.parquet,79289,156,True,79289,0,0,0,329,241,241,0,0
159804.SZ.parquet,362223,156,True,368007,0,0,0,1527,241,241,0,-5784
159805.SZ.parquet,359331,156,True,365115,0,0,0,1515,241,241,0,-5784
159806.SZ.parquet,363910,156,True,369694,0,0,0,1534,241,241,0,-5784
159807.SZ.parquet,362464,156,True,368248,0,0,0,1528,241,241,0,-5784
159808.SZ.parquet,336436,156,True,342220,0,0,0,1420,241,241,0,-5784
159809.SZ.parquet,82904,156,True,82904,0,0,0,344,241,241,0,0
159810.SZ.parquet,346076,156,True,351860,0,0,0,1460,241,241,0,-5784
159811.SZ.parquet,358608,156,True,364392,0,0,0,1512,241,241,0,-5784
159812.SZ.parquet,352824,156,True,358608,0,0,0,1488,241,241,0,-5784
159813.SZ.parquet,353788,156,True,359572,0,0,0,1492,241,241,0,-5784
159814.SZ.parquet,344871,156,True,350655,0,0,0,1455,241,241,0,-5784
159815.SZ.parquet,157614,156,True,157614,0,0,0,654,241,241,0,0
159816.SZ.parquet,336436,156,True,342220,0,0,0,1420,241,241,0,-5784
159819.SZ.parquet,333303,156,True,339087,0,0,0,1407,241,241,0,-5784
159820.SZ.parquet,338605,156,True,344389,0,0,0,1429,241,241,0,-5784
159821.SZ.parquet,328483,156,True,334267,0,0,0,1387,241,241,0,-5784
159822.SZ.parquet,329447,156,True,335231,0,0,0,1391,241,241,0,-5784
159823.SZ.parquet,223889,49,True,223889,0,0,0,929,241,241,0,0
159824.SZ.parquet,316192,156,True,321976,0,0,0,1336,241,241,0,-5784
159825.SZ.parquet,318120,156,True,323904,0,0,0,1344,241,241,0,-5784
159827.SZ.parquet,319807,156,True,325591,0,0,0,1351,241,241,0,-5784
159828.SZ.parquet,315951,156,True,321735,0,0,0,1335,241,241,0,-5784
159830.SZ.parquet,286067,156,True,291851,0,0,0,1211,241,241,0,-5784
159831.SZ.parquet,244374,156,True,250158,0,0,0,1038,241,241,0,-5784
159832.SZ.parquet,60491,156,True,60491,0,0,0,251,241,241,0,0
159833.SZ.parquet,69408,156,True,69408,0,0,0,288,241,241,0,0
159834.SZ.parquet,247748,156,True,253532,0,0,0,1052,241,241,0,-5784
159835.SZ.parquet,304142,156,True,309926,0,0,0,1286,241,241,0,-5784
159836.SZ.parquet,295225,156,True,301009,0,0,0,1249,241,241,0,-5784
159837.SZ.parquet,313300,156,True,319084,0,0,0,1324,241,241,0,-5784
159838.SZ.parquet,283898,156,True,289682,0,0,0,1202,241,241,0,-5784
159839.SZ.parquet,310167,156,True,315951,0,0,0,1311,241,241,0,-5784
159840.SZ.parquet,280283,156,True,286067,0,0,0,1187,241,241,0,-5784
159841.SZ.parquet,311131,156,True,316915,0,0,0,1315,241,241,0,-5784
159842.SZ.parquet,305588,156,True,311372,0,0,0,1292,241,241,0,-5784
159843.SZ.parquet,311613,156,True,317397,0,0,0,1317,241,241,0,-5784
159845.SZ.parquet,303660,156,True,309444,0,0,0,1284,241,241,0,-5784
159846.SZ.parquet,22654,156,True,22654,0,0,0,94,241,241,0,0
159847.SZ.parquet,286067,156,True,291851,0,0,0,1211,241,241,0,-5784
159848.SZ.parquet,306793,156,True,312577,0,0,0,1297,241,241,0,-5784
159849.SZ.parquet,308721,156,True,314505,0,0,0,1305,241,241,0,-5784
159850.SZ.parquet,310408,156,True,316192,0,0,0,1312,241,241,0,-5784
159851.SZ.parquet,305588,156,True,311372,0,0,0,1292,241,241,0,-5784
159852.SZ.parquet,311131,156,True,316915,0,0,0,1315,241,241,0,-5784
159853.SZ.parquet,124115,156,True,124115,0,0,0,515,241,241,0,0
159855.SZ.parquet,309203,156,True,314987,0,0,0,1307,241,241,0,-5784
159856.SZ.parquet,312577,156,True,318361,0,0,0,1321,241,241,0,-5784
159857.SZ.parquet,309685,156,True,315469,0,0,0,1309,241,241,0,-5784
159858.SZ.parquet,304624,156,True,310408,0,0,0,1288,241,241,0,-5784
159859.SZ.parquet,287995,156,True,293779,0,0,0,1219,241,241,0,-5784
159861.SZ.parquet,303178,156,True,308962,0,0,0,1282,241,241,0,-5784
159862.SZ.parquet,268474,156,True,274258,0,0,0,1138,241,241,0,-5784
159863.SZ.parquet,307034,156,True,312818,0,0,0,1298,241,241,0,-5784
159864.SZ.parquet,282211,156,True,287995,0,0,0,1195,241,241,0,-5784
159865.SZ.parquet,307757,156,True,313541,0,0,0,1301,241,241,0,-5784
159866.SZ.parquet,302455,156,True,308239,0,0,0,1279,241,241,0,-5784
159867.SZ.parquet,307998,156,True,313782,0,0,0,1302,241,241,0,-5784
159869.SZ.parquet,307998,156,True,313782,0,0,0,1302,241,241,0,-5784
159870.SZ.parquet,308480,156,True,314264,0,0,0,1304,241,241,0,-5784
159871.SZ.parquet,303660,156,True,309444,0,0,0,1284,241,241,0,-5784
159872.SZ.parquet,288959,156,True,294743,0,0,0,1223,241,241,0,-5784
159873.SZ.parquet,304142,156,True,309926,0,0,0,1286,241,241,0,-5784
159875.SZ.parquet,281006,156,True,286790,0,0,0,1190,241,241,0,-5784
159876.SZ.parquet,304865,156,True,310649,0,0,0,1289,241,241,0,-5784
159877.SZ.parquet,269197,156,True,274981,0,0,0,1141,241,241,0,-5784
159880.SZ.parquet,304624,156,True,310408,0,0,0,1288,241,241,0,-5784
159881.SZ.parquet,288959,156,True,294743,0,0,0,1223,241,241,0,-5784
159883.SZ.parquet,298599,156,True,304383,0,0,0,1263,241,241,0,-5784
159885.SZ.parquet,301491,156,True,307275,0,0,0,1275,241,241,0,-5784
159886.SZ.parquet,299081,156,True,304865,0,0,0,1265,241,241,0,-5784
159887.SZ.parquet,295948,156,True,301732,0,0,0,1252,241,241,0,-5784
159888.SZ.parquet,295707,156,True,301491,0,0,0,1251,241,241,0,-5784
159889.SZ.parquet,276909,156,True,282693,0,0,0,1173,241,241,0,-5784
159890.SZ.parquet,303178,156,True,308962,0,0,0,1282,241,241,0,-5784
159891.SZ.parquet,291851,156,True,297635,0,0,0,1235,241,241,0,-5784
159892.SZ.parquet,271848,156,True,277632,0,0,0,1152,241,241,0,-5784
159895.SZ.parquet,271366,156,True,277150,0,0,0,1150,241,241,0,-5784
159896.SZ.parquet,265582,156,True,271366,0,0,0,1126,241,241,0,-5784
159897.SZ.parquet,53020,156,True,53020,0,0,0,220,241,241,0,0
159898.SZ.parquet,293297,156,True,299081,0,0,0,1241,241,241,0,-5784
159899.SZ.parquet,289682,156,True,295466,0,0,0,1226,241,241,0,-5784
159901.SZ.parquet,1020394,156,True,1026178,0,0,0,4258,241,241,0,-5784
159902.SZ.parquet,1020635,156,True,1026419,0,0,0,4259,241,241,0,-5784
159903.SZ.parquet,956770,156,True,962554,0,0,0,3994,241,241,0,-5784
159905.SZ.parquet,902304,156,True,908088,0,0,0,3768,241,241,0,-5784
159906.SZ.parquet,896038,156,True,901822,0,0,0,3742,241,241,0,-5784
159907.SZ.parquet,868082,156,True,873866,0,0,0,3626,241,241,0,-5784
159908.SZ.parquet,872902,156,True,878686,0,0,0,3646,241,241,0,-5784
159909.SZ.parquet,864226,156,True,870010,0,0,0,3610,241,241,0,-5784
159910.SZ.parquet,860129,156,True,865913,0,0,0,3593,241,241,0,-5784
159911.SZ.parquet,508992,156,True,508992,0,0,0,2112,241,241,0,0
159912.SZ.parquet,851212,156,True,856996,0,0,0,3556,241,241,0,-5784
159913.SZ.parquet,856514,156,True,862298,0,0,0,3578,241,241,0,-5784
159915.SZ.parquet,848561,156,True,854345,0,0,0,3545,241,241,0,-5784
159916.SZ.parquet,856755,156,True,862539,0,0,0,3579,241,241,0,-5784
159917.SZ.parquet,199066,156,True,199066,0,0,0,826,241,241,0,0
159918.SZ.parquet,824943,156,True,830727,0,0,0,3447,241,241,0,-5784
159919.SZ.parquet,822292,156,True,828076,0,0,0,3436,241,241,0,-5784
159920.SZ.parquet,798433,156,True,804217,0,0,0,3337,241,241,0,-5784
159921.SZ.parquet,279078,156,True,279078,0,0,0,1158,241,241,0,0
159922.SZ.parquet,775297,156,True,781081,0,0,0,3241,241,241,0,-5784
159923.SZ.parquet,777225,156,True,783009,0,0,0,3249,241,241,0,-5784
159924.SZ.parquet,281247,156,True,281247,0,0,0,1167,241,241,0,0
159925.SZ.parquet,771200,156,True,776984,0,0,0,3224,241,241,0,-5784
159926.SZ.parquet,520560,156,True,520560,0,0,0,2160,241,241,0,0
159927.SZ.parquet,264859,156,True,264859,0,0,0,1099,241,241,0,0
159928.SZ.parquet,745654,156,True,751438,0,0,0,3118,241,241,0,-5784
159929.SZ.parquet,745654,156,True,751438,0,0,0,3118,241,241,0,-5784
159930.SZ.parquet,745654,156,True,751438,0,0,0,3118,241,241,0,-5784
159931.SZ.parquet,745654,156,True,751438,0,0,0,3118,241,241,0,-5784
159932.SZ.parquet,533574,156,True,533574,0,0,0,2214,241,241,0,0
159933.SZ.parquet,742039,156,True,747823,0,0,0,3103,241,241,0,-5784
159934.SZ.parquet,731676,156,True,737460,0,0,0,3060,241,241,0,-5784
159935.SZ.parquet,725651,156,True,731435,0,0,0,3035,241,241,0,-5784
159936.SZ.parquet,701069,156,True,706853,0,0,0,2933,241,241,0,-5784
159937.SZ.parquet,689501,156,True,695285,0,0,0,2885,241,241,0,-5784
159938.SZ.parquet,669016,156,True,674800,0,0,0,2800,241,241,0,-5784
159939.SZ.parquet,664196,156,True,669980,0,0,0,2780,241,241,0,-5784
159940.SZ.parquet,653351,156,True,659135,0,0,0,2735,241,241,0,-5784
159941.SZ.parquet,639132,156,True,644916,0,0,0,2676,241,241,0,-5784
159942.SZ.parquet,197861,156,True,197861,0,0,0,821,241,241,0,0
159943.SZ.parquet,639855,156,True,645639,0,0,0,2679,241,241,0,-5784
159944.SZ.parquet,641783,156,True,647567,0,0,0,2687,241,241,0,-5784
159945.SZ.parquet,641783,156,True,647567,0,0,0,2687,241,241,0,-5784
159946.SZ.parquet,204609,156,True,204609,0,0,0,849,241,241,0,0
159948.SZ.parquet,587076,156,True,592860,0,0,0,2460,241,241,0,-5784
159949.SZ.parquet,581533,156,True,587317,0,0,0,2437,241,241,0,-5784
159950.SZ.parquet,127971,156,True,127971,0,0,0,531,241,241,0,0
159951.SZ.parquet,300768,156,True,300768,0,0,0,1248,241,241,0,0
159952.SZ.parquet,530441,156,True,536225,0,0,0,2225,241,241,0,-5784
159953.SZ.parquet,201235,156,True,201235,0,0,0,835,241,241,0,0
159954.SZ.parquet,482000,156,True,487784,0,0,0,2024,241,241,0,-5784
159955.SZ.parquet,308480,156,True,308480,0,0,0,1280,241,241,0,0
159956.SZ.parquet,483446,156,True,489230,0,0,0,2030,241,241,0,-5784
159957.SZ.parquet,492845,156,True,498629,0,0,0,2069,241,241,0,-5784
159958.SZ.parquet,490194,156,True,495978,0,0,0,2058,241,241,0,-5784
159959.SZ.parquet,431872,156,True,437656,0,0,0,1816,241,241,0,-5784
159960.SZ.parquet,446814,156,True,452598,0,0,0,1878,241,241,0,-5784
159961.SZ.parquet,436692,156,True,442476,0,0,0,1836,241,241,0,-5784
159962.SZ.parquet,208224,156,True,208224,0,0,0,864,241,241,0,0
159963.SZ.parquet,126525,156,True,126525,0,0,0,525,241,241,0,0
159964.SZ.parquet,417653,156,True,423437,0,0,0,1757,241,241,0,-5784
159965.SZ.parquet,416930,156,True,422714,0,0,0,1754,241,241,0,-5784
159966.SZ.parquet,403916,156,True,409700,0,0,0,1700,241,241,0,-5784
159967.SZ.parquet,403916,156,True,409700,0,0,0,1700,241,241,0,-5784
159968.SZ.parquet,386564,156,True,392348,0,0,0,1628,241,241,0,-5784
159969.SZ.parquet,381021,156,True,381021,0,0,0,1581,241,241,0,0
159970.SZ.parquet,374514,156,True,380298,0,0,0,1578,241,241,0,-5784
159971.SZ.parquet,406085,156,True,411869,0,0,0,1709,241,241,0,-5784
159972.SZ.parquet,385118,156,True,390902,0,0,0,1622,241,241,0,-5784
159973.SZ.parquet,399337,156,True,405121,0,0,0,1681,241,241,0,-5784
159974.SZ.parquet,378370,156,True,384154,0,0,0,1594,241,241,0,-5784
159975.SZ.parquet,375960,156,True,381744,0,0,0,1584,241,241,0,-5784
159976.SZ.parquet,373309,156,True,379093,0,0,0,1573,241,241,0,-5784
159977.SZ.parquet,391143,156,True,396927,0,0,0,1647,241,241,0,-5784
159978.SZ.parquet,161229,156,True,161229,0,0,0,669,241,241,0,0
159979.SZ.parquet,167495,156,True,167495,0,0,0,695,241,241,0,0
159980.SZ.parquet,377406,156,True,383190,0,0,0,1590,241,241,0,-5784
159981.SZ.parquet,373309,156,True,379093,0,0,0,1573,241,241,0,-5784
159982.SZ.parquet,368971,156,True,374755,0,0,0,1555,241,241,0,-5784
159983.SZ.parquet,216900,156,True,216900,0,0,0,900,241,241,0,0
159984.SZ.parquet,202440,156,True,202440,0,0,0,840,241,241,0,0
159985.SZ.parquet,380539,156,True,386323,0,0,0,1603,241,241,0,-5784
159986.SZ.parquet,161229,156,True,161229,0,0,0,669,241,241,0,0
159987.SZ.parquet,280765,156,True,280765,0,0,0,1165,241,241,0,0
159988.SZ.parquet,121946,156,True,121946,0,0,0,506,241,241,0,0
159990.SZ.parquet,261967,156,True,261967,0,0,0,1087,241,241,0,0
159991.SZ.parquet,358126,156,True,363910,0,0,0,1510,241,241,0,-5784
159992.SZ.parquet,360536,156,True,366320,0,0,0,1520,241,241,0,-5784
159993.SZ.parquet,371140,156,True,376924,0,0,0,1564,241,241,0,-5784
159994.SZ.parquet,367525,156,True,373309,0,0,0,1549,241,241,0,-5784
159995.SZ.parquet,370899,156,True,376683,0,0,0,1563,241,241,0,-5784
159996.SZ.parquet,364874,156,True,370658,0,0,0,1538,241,241,0,-5784
159997.SZ.parquet,363910,156,True,369694,0,0,0,1534,241,241,0,-5784
159998.SZ.parquet,360295,156,True,366079,0,0,0,1519,241,241,0,-5784
159999.SZ.parquet,151830,156,True,151830,0,0,0,630,241,241,0,0
160105.SZ.parquet,1020635,156,True,1026419,0,0,0,4259,241,241,0,-5784
160106.SZ.parquet,1020635,156,True,1026419,0,0,0,4259,241,241,0,-5784
160119.SZ.parquet,970748,156,True,976532,0,0,0,4052,241,241,0,-5784
160125.SZ.parquet,854827,156,True,860611,0,0,0,3571,241,241,0,-5784
160127.SZ.parquet,351619,156,True,357403,0,0,0,1483,241,241,0,-5784
160128.SZ.parquet,814098,156,True,819882,0,0,0,3402,241,241,0,-5784
160130.SZ.parquet,429221,156,True,429221,0,0,0,1781,241,241,0,0
160131.SZ.parquet,432113,156,True,432113,0,0,0,1793,241,241,0,0
160133.SZ.parquet,690706,156,True,696490,0,0,0,2890,241,241,0,-5784
160135.SZ.parquet,346076,156,True,351860,0,0,0,1460,241,241,0,-5784
160136.SZ.parquet,48923,156,True,48923,0,0,0,203,241,241,0,0
160138.SZ.parquet,113752,156,True,113752,0,0,0,472,241,241,0,0
160140.SZ.parquet,499593,156,True,505377,0,0,0,2097,241,241,0,-5784
160142.SZ.parquet,421027,156,True,426811,0,0,0,1771,241,241,0,-5784
160143.SZ.parquet,306070,156,True,311854,0,0,0,1294,241,241,0,-5784
160211.SZ.parquet,961108,156,True,966892,0,0,0,4012,241,241,0,-5784
160212.SZ.parquet,778189,156,True,783973,0,0,0,3253,241,241,0,-5784
160215.SZ.parquet,920861,156,True,926645,0,0,0,3845,241,241,0,-5784
160216.SZ.parquet,655279,156,True,661063,0,0,0,2743,241,241,0,-5784
160218.SZ.parquet,341497,156,True,347281,0,0,0,1441,241,241,0,-5784
160219.SZ.parquet,341497,156,True,347281,0,0,0,1441,241,241,0,-5784
160220.SZ.parquet,726374,156,True,732158,0,0,0,3038,241,241,0,-5784
160221.SZ.parquet,341497,156,True,347281,0,0,0,1441,241,241,0,-5784
160222.SZ.parquet,341497,156,True,347281,0,0,0,1441,241,241,0,-5784
160223.SZ.parquet,560084,156,True,565868,0,0,0,2348,241,241,0,-5784
160225.SZ.parquet,590932,156,True,596716,0,0,0,2476,241,241,0,-5784
160311.SZ.parquet,1020635,156,True,1026419,0,0,0,4259,241,241,0,-5784
160314.SZ.parquet,1020635,156,True,1026419,0,0,0,4259,241,241,0,-5784
160322.SZ.parquet,521042,156,True,526826,0,0,0,2186,241,241,0,-5784
160323.SZ.parquet,541045,156,True,546829,0,0,0,2269,241,241,0,-5784
160324.SZ.parquet,517186,156,True,522970,0,0,0,2170,241,241,0,-5784
160325.SZ.parquet,313059,156,True,318843,0,0,0,1323,241,241,0,-5784
160326.SZ.parquet,256906,156,True,262690,0,0,0,1090,241,241,0,-5784
160415.SZ.parquet,638650,156,True,638650,0,0,0,2650,241,241,0,0
160416.SZ.parquet,826630,156,True,832414,0,0,0,3454,241,241,0,-5784
160421.SZ.parquet,559361,156,True,565145,0,0,0,2345,241,241,0,-5784
160422.SZ.parquet,85555,156,True,85555,0,0,0,355,241,241,0,0
160505.SZ.parquet,1020635,156,True,1026419,0,0,0,4259,241,241,0,-5784
160512.SZ.parquet,875071,156,True,880855,0,0,0,3655,241,241,0,-5784
160513.SZ.parquet,700105,156,True,705889,0,0,0,2929,241,241,0,-5784
160515.SZ.parquet,741798,156,True,747582,0,0,0,3102,241,241,0,-5784
160518.SZ.parquet,580810,156,True,586594,0,0,0,2434,241,241,0,-5784
160519.SZ.parquet,407049,156,True,407049,0,0,0,1689,241,241,0,0
160520.SZ.parquet,268474,156,True,268474,0,0,0,1114,241,241,0,0
160522.SZ.parquet,289923,156,True,289923,0,0,0,1203,241,241,0,0
160526.SZ.parquet,380057,156,True,385841,0,0,0,1601,241,241,0,-5784
160527.SZ.parquet,349209,156,True,354993,0,0,0,1473,241,241,0,-5784
160529.SZ.parquet,306070,156,True,311854,0,0,0,1294,241,241,0,-5784
160607.SZ.parquet,1020635,156,True,1026419,0,0,0,4259,241,241,0,-5784
160610.SZ.parquet,1020635,156,True,1026419,0,0,0,4259,241,241,0,-5784
160611.SZ.parquet,1020635,156,True,1026419,0,0,0,4259,241,241,0,-5784
160613.SZ.parquet,1020635,156,True,1026419,0,0,0,4259,241,241,0,-5784
160615.SZ.parquet,1000873,156,True,1006657,0,0,0,4177,241,241,0,-5784
160616.SZ.parquet,943515,156,True,949299,0,0,0,3939,241,241,0,-5784
160617.SZ.parquet,906401,156,True,912185,0,0,0,3785,241,241,0,-5784
160618.SZ.parquet,670944,156,True,676728,0,0,0,2808,241,241,0,-5784
160620.SZ.parquet,341979,156,True,347763,0,0,0,1443,241,241,0,-5784
160621.SZ.parquet,785178,156,True,790962,0,0,0,3282,241,241,0,-5784
160622.SZ.parquet,588281,156,True,594065,0,0,0,2465,241,241,0,-5784
160625.SZ.parquet,341979,156,True,347763,0,0,0,1443,241,241,0,-5784
160626.SZ.parquet,341979,156,True,347763,0,0,0,1443,241,241,0,-5784
160628.SZ.parquet,341979,156,True,347763,0,0,0,1443,241,241,0,-5784
160629.SZ.parquet,341979,156,True,347763,0,0,0,1443,241,241,0,-5784
160630.SZ.parquet,341979,156,True,347763,0,0,0,1443,241,241,0,-5784
160631.SZ.parquet,341979,156,True,347763,0,0,0,1443,241,241,0,-5784
160632.SZ.parquet,341979,156,True,347763,0,0,0,1443,241,241,0,-5784
160633.SZ.parquet,341979,156,True,347763,0,0,0,1443,241,241,0,-5784
160635.SZ.parquet,590932,156,True,596716,0,0,0,2476,241,241,0,-5784
160637.SZ.parquet,341256,156,True,347040,0,0,0,1440,241,241,0,-5784
160638.SZ.parquet,341979,156,True,347763,0,0,0,1443,241,241,0,-5784
160639.SZ.parquet,341979,156,True,347763,0,0,0,1443,241,241,0,-5784
160641.SZ.parquet,54466,156,True,60250,0,0,0,250,241,241,0,-5784
160642.SZ.parquet,568278,156,True,574062,0,0,0,2382,241,241,0,-5784
160643.SZ.parquet,525621,156,True,531405,0,0,0,2205,241,241,0,-5784
160644.SZ.parquet,493568,156,True,499352,0,0,0,2072,241,241,0,-5784
160645.SZ.parquet,335954,156,True,335954,0,0,0,1394,241,241,0,0
160706.SZ.parquet,1020635,156,True,1026419,0,0,0,4259,241,241,0,-5784
160716.SZ.parquet,955324,156,True,961108,0,0,0,3988,241,241,0,-5784
160717.SZ.parquet,914836,156,True,920620,0,0,0,3820,241,241,0,-5784
160719.SZ.parquet,839403,156,True,845187,0,0,0,3507,241,241,0,-5784
160720.SZ.parquet,433800,156,True,433800,0,0,0,1800,241,241,0,0
160722.SZ.parquet,559120,156,True,564904,0,0,0,2344,241,241,0,-5784
160723.SZ.parquet,532851,156,True,538635,0,0,0,2235,241,241,0,-5784
160726.SZ.parquet,418858,156,True,424642,0,0,0,1762,241,241,0,-5784
160805.SZ.parquet,1020635,156,True,1026419,0,0,0,4259,241,241,0,-5784
160806.SZ.parquet,636240,156,True,642024,0,0,0,2664,241,241,0,-5784
160807.SZ.parquet,922066,156,True,927850,0,0,0,3850,241,241,0,-5784
160809.SZ.parquet,35427,156,True,35427,0,0,0,147,241,241,0,0
160810.SZ.parquet,208465,156,True,208465,0,0,0,865,241,241,0,0
160812.SZ.parquet,704684,156,True,710468,0,0,0,2948,241,241,0,-5784
160813.SZ.parquet,670703,156,True,676487,0,0,0,2807,241,241,0,-5784
160910.SZ.parquet,1020635,156,True,1026419,0,0,0,4259,241,241,0,-5784
160915.SZ.parquet,378129,156,True,378129,0,0,0,1569,241,241,0,0
160916.SZ.parquet,786624,156,True,792408,0,0,0,3288,241,241,0,-5784
160918.SZ.parquet,709986,156,True,715770,0,0,0,2970,241,241,0,-5784
160919.SZ.parquet,668775,156,True,674559,0,0,0,2799,241,241,0,-5784
160921.SZ.parquet,564181,156,True,569965,0,0,0,2365,241,241,0,-5784
160922.SZ.parquet,361982,156,True,361982,0,0,0,1502,241,241,0,0
160924.SZ.parquet,513812,156,True,519596,0,0,0,2156,241,241,0,-5784
160925.SZ.parquet,421027,156,True,426811,0,0,0,1771,241,241,0,-5784
160926.SZ.parquet,314987,156,True,320771,0,0,0,1331,241,241,0,-5784
161005.SZ.parquet,1020635,156,True,1026419,0,0,0,4259,241,241,0,-5784
161010.SZ.parquet,1012682,156,True,1018466,0,0,0,4226,241,241,0,-5784
161014.SZ.parquet,522729,156,True,528513,0,0,0,2193,241,241,0,-5784
161015.SZ.parquet,704684,156,True,710468,0,0,0,2948,241,241,0,-5784
161017.SZ.parquet,856996,156,True,862780,0,0,0,3580,241,241,0,-5784
161019.SZ.parquet,816990,156,True,822774,0,0,0,3414,241,241,0,-5784
161022.SZ.parquet,204609,156,True,204609,0,0,0,849,241,241,0,0
161024.SZ.parquet,341979,156,True,347763,0,0,0,1443,241,241,0,-5784
161025.SZ.parquet,341979,156,True,347763,0,0,0,1443,241,241,0,-5784
161026.SZ.parquet,341738,156,True,347522,0,0,0,1442,241,241,0,-5784
161027.SZ.parquet,341979,156,True,347763,0,0,0,1443,241,241,0,-5784
161028.SZ.parquet,341979,156,True,347763,0,0,0,1443,241,241,0,-5784
161029.SZ.parquet,435728,156,True,441512,0,0,0,1832,241,241,0,-5784
161030.SZ.parquet,341738,156,True,347522,0,0,0,1442,241,241,0,-5784
161031.SZ.parquet,340533,156,True,346317,0,0,0,1437,241,241,0,-5784
161032.SZ.parquet,341497,156,True,347281,0,0,0,1441,241,241,0,-5784
161033.SZ.parquet,602500,156,True,608284,0,0,0,2524,241,241,0,-5784
161035.SZ.parquet,559602,156,True,565386,0,0,0,2346,241,241,0,-5784
161036.SZ.parquet,539358,156,True,545142,0,0,0,2262,241,241,0,-5784
161037.SZ.parquet,531887,156,True,537671,0,0,0,2231,241,241,0,-5784
161038.SZ.parquet,507305,156,True,513089,0,0,0,2129,241,241,0,-5784
161039.SZ.parquet,466576,156,True,472360,0,0,0,1960,241,241,0,-5784
161040.SZ.parquet,313059,156,True,318843,0,0,0,1323,241,241,0,-5784
161115.SZ.parquet,908570,156,True,914354,0,0,0,3794,241,241,0,-5784
161116.SZ.parquet,854104,156,True,859888,0,0,0,3568,241,241,0,-5784
161117.SZ.parquet,805663,156,True,811447,0,0,0,3367,241,241,0,-5784
161118.SZ.parquet,417412,156,True,423196,0,0,0,1756,241,241,0,-5784
161119.SZ.parquet,785419,156,True,791203,0,0,0,3283,241,241,0,-5784
161121.SZ.parquet,366079,156,True,371863,0,0,0,1543,241,241,0,-5784
161122.SZ.parquet,347040,156,True,352824,0,0,0,1464,241,241,0,-5784
161123.SZ.parquet,342461,156,True,348245,0,0,0,1445,241,241,0,-5784
161124.SZ.parquet,561048,156,True,566832,0,0,0,2352,241,241,0,-5784
161125.SZ.parquet,555264,156,True,561048,0,0,0,2328,241,241,0,-5784
161126.SZ.parquet,555264,156,True,561048,0,0,0,2328,241,241,0,-5784
161127.SZ.parquet,553095,156,True,558879,0,0,0,2319,241,241,0,-5784
161128.SZ.parquet,553095,156,True,558879,0,0,0,2319,241,241,0,-5784
161129.SZ.parquet,545865,156,True,551649,0,0,0,2289,241,241,0,-5784
161130.SZ.parquet,521283,156,True,527067,0,0,0,2187,241,241,0,-5784
161131.SZ.parquet,421027,156,True,426811,0,0,0,1771,241,241,0,-5784
161132.SZ.parquet,430426,156,True,436210,0,0,0,1810,241,241,0,-5784
161133.SZ.parquet,232324,156,True,238108,0,0,0,988,241,241,0,-5784
161210.SZ.parquet,486097,156,True,486097,0,0,0,2017,241,241,0,0
161213.SZ.parquet,644434,156,True,644434,0,0,0,2674,241,241,0,0
161216.SZ.parquet,881819,156,True,887603,0,0,0,3683,241,241,0,-5784
161217.SZ.parquet,864949,156,True,870733,0,0,0,3613,241,241,0,-5784
161219.SZ.parquet,842777,156,True,848561,0,0,0,3521,241,241,0,-5784
161222.SZ.parquet,650941,156,True,656725,0,0,0,2725,241,241,0,-5784
161224.SZ.parquet,650459,156,True,656243,0,0,0,2723,241,241,0,-5784
161225.SZ.parquet,633348,156,True,639132,0,0,0,2652,241,241,0,-5784
161226.SZ.parquet,633107,156,True,638891,0,0,0,2651,241,241,0,-5784
161227.SZ.parquet,630938,156,True,636722,0,0,0,2642,241,241,0,-5784
161229.SZ.parquet,610935,156,True,616719,0,0,0,2559,241,241,0,-5784
161232.SZ.parquet,573580,156,True,579364,0,0,0,2404,241,241,0,-5784
161233.SZ.parquet,543937,156,True,549721,0,0,0,2281,241,241,0,-5784
161505.SZ.parquet,706371,156,True,712155,0,0,0,2955,241,241,0,-5784
161607.SZ.parquet,1020635,156,True,1026419,0,0,0,4259,241,241,0,-5784
161610.SZ.parquet,1020635,156,True,1026419,0,0,0,4259,241,241,0,-5784
161614.SZ.parquet,830486,156,True,835547,0,0,0,3467,241,241,0,-5061
161626.SZ.parquet,550926,156,True,556710,0,0,0,2310,241,241,0,-5784
161630.SZ.parquet,79048,156,True,79048,0,0,0,328,241,241,0,0
161631.SZ.parquet,535502,156,True,541286,0,0,0,2246,241,241,0,-5784
161706.SZ.parquet,1020635,156,True,1026419,0,0,0,4259,241,241,0,-5784
161713.SZ.parquet,926645,156,True,932429,0,0,0,3869,241,241,0,-5784
161714.SZ.parquet,568278,156,True,568278,0,0,0,2358,241,241,0,0
161715.SZ.parquet,548275,156,True,554059,0,0,0,2299,241,241,0,-5784
161716.SZ.parquet,658894,156,True,664678,0,0,0,2758,241,241,0,-5784
161720.SZ.parquet,341015,156,True,346799,0,0,0,1439,241,241,0,-5784
161722.SZ.parquet,638891,156,True,644675,0,0,0,2675,241,241,0,-5784
161724.SZ.parquet,341015,156,True,346799,0,0,0,1439,241,241,0,-5784
161725.SZ.parquet,342220,156,True,348004,0,0,0,1444,241,241,0,-5784
161726.SZ.parquet,333062,156,True,338846,0,0,0,1406,241,241,0,-5784
161727.SZ.parquet,533333,156,True,539117,0,0,0,2237,241,241,0,-5784
161728.SZ.parquet,421027,156,True,426811,0,0,0,1771,241,241,0,-5784
161729.SZ.parquet,349932,156,True,355716,0,0,0,1476,241,241,0,-5784
161810.SZ.parquet,975086,156,True,980870,0,0,0,4070,241,241,0,-5784
161811.SZ.parquet,592137,156,True,597921,0,0,0,2481,241,241,0,-5784
161812.SZ.parquet,341497,156,True,347281,0,0,0,1441,241,241,0,-5784
161813.SZ.parquet,497424,156,True,497424,0,0,0,2064,241,241,0,0
161815.SZ.parquet,905919,156,True,911703,0,0,0,3783,241,241,0,-5784
161816.SZ.parquet,347522,156,True,353306,0,0,0,1466,241,241,0,-5784
161820.SZ.parquet,805181,156,True,810965,0,0,0,3365,241,241,0,-5784
161821.SZ.parquet,262931,156,True,262931,0,0,0,1091,241,241,0,0
161823.SZ.parquet,348727,156,True,348727,0,0,0,1447,241,241,0,0
161831.SZ.parquet,654074,156,True,659858,0,0,0,2738,241,241,0,-5784
161834.SZ.parquet,572857,156,True,578641,0,0,0,2401,241,241,0,-5784
161835.SZ.parquet,130622,156,True,130622,0,0,0,542,241,241,0,0
161837.SZ.parquet,354270,156,True,360054,0,0,0,1494,241,241,0,-5784
161903.SZ.parquet,1020394,156,True,1026178,0,0,0,4258,241,241,0,-5784
161907.SZ.parquet,765175,156,True,765175,0,0,0,3175,241,241,0,0
161908.SZ.parquet,702756,156,True,708540,0,0,0,2940,241,241,0,-5784
161911.SZ.parquet,694803,156,True,694803,0,0,0,2883,241,241,0,0
161912.SZ.parquet,408977,156,True,414761,0,0,0,1721,241,241,0,-5784
161914.SZ.parquet,308962,156,True,314746,0,0,0,1306,241,241,0,-5784
162006.SZ.parquet,1020635,156,True,1026419,0,0,0,4259,241,241,0,-5784
162105.SZ.parquet,657930,156,True,663714,0,0,0,2754,241,241,0,-5784
162108.SZ.parquet,648049,156,True,653110,0,0,0,2710,241,241,0,-5061
162207.SZ.parquet,1020635,156,True,1026419,0,0,0,4259,241,241,0,-5784
162215.SZ.parquet,588040,156,True,593824,0,0,0,2464,241,241,0,-5784
162216.SZ.parquet,407531,156,True,413315,0,0,0,1715,241,241,0,-5784
162307.SZ.parquet,959662,156,True,965446,0,0,0,4006,241,241,0,-5784
162308.SZ.parquet,153276,156,True,153276,0,0,0,636,241,241,0,0
162411.SZ.parquet,820123,156,True,825907,0,0,0,3427,241,241,0,-5784
162412.SZ.parquet,336195,156,True,341979,0,0,0,1419,241,241,0,-5784
162414.SZ.parquet,641060,156,True,646844,0,0,0,2684,241,241,0,-5784
162415.SZ.parquet,598403,156,True,604187,0,0,0,2507,241,241,0,-5784
162416.SZ.parquet,290164,156,True,290164,0,0,0,1204,241,241,0,0
162509.SZ.parquet,346558,156,True,352342,0,0,0,1462,241,241,0,-5784
162510.SZ.parquet,445850,156,True,445850,0,0,0,1850,241,241,0,0
162605.SZ.parquet,1020635,156,True,1026419,0,0,0,4259,241,241,0,-5784
162607.SZ.parquet,1020635,156,True,1026419,0,0,0,4259,241,241,0,-5784
162703.SZ.parquet,1020635,156,True,1026419,0,0,0,4259,241,241,0,-5784
162711.SZ.parquet,960867,156,True,966651,0,0,0,4011,241,241,0,-5784
162712.SZ.parquet,856032,156,True,861816,0,0,0,3576,241,241,0,-5784
162715.SZ.parquet,757222,156,True,763006,0,0,0,3166,241,241,0,-5784
162717.SZ.parquet,345835,156,True,345835,0,0,0,1435,241,241,0,0
162718.SZ.parquet,181714,156,True,181714,0,0,0,754,241,241,0,0
162719.SZ.parquet,540563,156,True,546347,0,0,0,2267,241,241,0,-5784
162720.SZ.parquet,304624,156,True,310408,0,0,0,1288,241,241,0,-5784
162721.SZ.parquet,224130,156,True,229914,0,0,0,954,241,241,0,-5784
163001.SZ.parquet,944961,156,True,950745,0,0,0,3945,241,241,0,-5784
163003.SZ.parquet,578400,156,True,584184,0,0,0,2424,241,241,0,-5784
163005.SZ.parquet,603464,156,True,609248,0,0,0,2528,241,241,0,-5784
163109.SZ.parquet,340774,156,True,346558,0,0,0,1438,241,241,0,-5784
163110.SZ.parquet,869769,156,True,875553,0,0,0,3633,241,241,0,-5784
163111.SZ.parquet,556228,156,True,562012,0,0,0,2332,241,241,0,-5784
163112.SZ.parquet,118572,156,True,118572,0,0,0,492,241,241,0,0
163113.SZ.parquet,340774,156,True,346558,0,0,0,1438,241,241,0,-5784
163114.SZ.parquet,353788,156,True,359572,0,0,0,1492,241,241,0,-5784
163115.SZ.parquet,340774,156,True,346558,0,0,0,1438,241,241,0,-5784
163116.SZ.parquet,351378,156,True,357162,0,0,0,1482,241,241,0,-5784
163118.SZ.parquet,340292,156,True,346076,0,0,0,1436,241,241,0,-5784
163119.SZ.parquet,206778,156,True,206778,0,0,0,858,241,241,0,0
163208.SZ.parquet,662268,156,True,668052,0,0,0,2772,241,241,0,-5784
163210.SZ.parquet,526585,156,True,526585,0,0,0,2185,241,241,0,0
163302.SZ.parquet,1020635,156,True,1026419,0,0,0,4259,241,241,0,-5784
163402.SZ.parquet,1020635,156,True,1026419,0,0,0,4259,241,241,0,-5784
163406.SZ.parquet,340051,156,True,345835,0,0,0,1435,241,241,0,-5784
163407.SZ.parquet,900858,156,True,906642,0,0,0,3762,241,241,0,-5784
163409.SZ.parquet,873866,156,True,879650,0,0,0,3650,241,241,0,-5784
163412.SZ.parquet,821569,156,True,827353,0,0,0,3433,241,241,0,-5784
163415.SZ.parquet,781322,156,True,787106,0,0,0,3266,241,241,0,-5784
163417.SZ.parquet,475975,156,True,481759,0,0,0,1999,241,241,0,-5784
163418.SZ.parquet,301250,156,True,307034,0,0,0,1274,241,241,0,-5784
163503.SZ.parquet,1020635,156,True,1026419,0,0,0,4259,241,241,0,-5784
163801.SZ.parquet,1020635,156,True,1026419,0,0,0,4259,241,241,0,-5784
163819.SZ.parquet,813616,156,True,819400,0,0,0,3400,241,241,0,-5784
163821.SZ.parquet,814339,156,True,820123,0,0,0,3403,241,241,0,-5784
163824.SZ.parquet,414520,156,True,414520,0,0,0,1720,241,241,0,0
163827.SZ.parquet,304142,156,True,304142,0,0,0,1262,241,241,0,0
510900.SH.parquet,804217,49,True,804217,0,0,0,3337,241,241,0,0
511010.SH.parquet,779635,52,True,779635,0,0,0,3235,241,241,0,0
511020.SH.parquet,432836,52,True,432836,0,0,0,1796,241,241,0,0
511030.SH.parquet,428016,52,True,428016,0,0,0,1776,241,241,0,0
511060.SH.parquet,385118,52,True,385118,0,0,0,1598,241,241,0,0
511070.SH.parquet,86278,52,True,86278,0,0,0,358,241,241,0,0
511090.SH.parquet,180750,52,True,180750,0,0,0,750,241,241,0,0
511100.SH.parquet,149179,52,True,149179,0,0,0,619,241,241,0,0
511110.SH.parquet,85796,52,True,85796,0,0,0,356,241,241,0,0
511120.SH.parquet,58563,52,True,58563,0,0,0,243,241,241,0,0
511130.SH.parquet,134478,52,True,134478,0,0,0,558,241,241,0,0
511150.SH.parquet,46754,52,True,46754,0,0,0,194,241,241,0,0
511160.SH.parquet,89170,52,True,89170,0,0,0,370,241,241,0,0
511180.SH.parquet,343907,52,True,343907,0,0,0,1427,241,241,0,0
511190.SH.parquet,85314,52,True,85314,0,0,0,354,241,241,0,0
511200.SH.parquet,84832,52,True,84832,0,0,0,352,241,241,0,0
511220.SH.parquet,678174,52,True,678174,0,0,0,2814,241,241,0,0
511260.SH.parquet,520078,52,True,520078,0,0,0,2158,241,241,0,0
511270.SH.parquet,447055,52,True,447055,0,0,0,1855,241,241,0,0
511360.SH.parquet,338605,52,True,338605,0,0,0,1405,241,241,0,0
511380.SH.parquet,367043,52,True,367043,0,0,0,1523,241,241,0,0
511520.SH.parquet,218105,52,True,218105,0,0,0,905,241,241,0,0
511580.SH.parquet,209429,52,True,209429,0,0,0,869,241,241,0,0
513000.SH.parquet,413074,52,True,413074,0,0,0,1714,241,241,0,0
513010.SH.parquet,301009,49,True,301009,0,0,0,1249,241,241,0,0
513020.SH.parquet,259798,49,True,259798,0,0,0,1078,241,241,0,0
513030.SH.parquet,694321,52,True,694321,0,0,0,2881,241,241,0,0
513040.SH.parquet,180991,49,True,180991,0,0,0,751,241,241,0,0
513050.SH.parquet,555264,49,True,555264,0,0,0,2304,241,241,0,0
513060.SH.parquet,309926,49,True,309926,0,0,0,1286,241,241,0,0
513070.SH.parquet,252086,49,True,252086,0,0,0,1046,241,241,0,0
513080.SH.parquet,356198,52,True,356198,0,0,0,1478,241,241,0,0
513090.SH.parquet,368730,49,True,368730,0,0,0,1530,241,241,0,0
513100.SH.parquet,771923,52,True,771923,0,0,0,3203,241,241,0,0
513110.SH.parquet,194487,52,True,194487,0,0,0,807,241,241,0,0
513120.SH.parquet,234734,49,True,234734,0,0,0,974,241,241,0,0
513130.SH.parquet,299804,49,True,299804,0,0,0,1244,241,241,0,0
513140.SH.parquet,204609,49,True,204609,0,0,0,849,241,241,0,0
513150.SH.parquet,259075,49,True,259075,0,0,0,1075,241,241,0,0
513160.SH.parquet,259557,49,True,259557,0,0,0,1077,241,241,0,0
513170.SH.parquet,131104,52,True,131104,0,0,0,544,241,241,0,0
513180.SH.parquet,301009,49,True,301009,0,0,0,1249,241,241,0,0
513200.SH.parquet,259075,49,True,259075,0,0,0,1075,241,241,0,0
513210.SH.parquet,130863,52,True,130863,0,0,0,543,241,241,0,0
513220.SH.parquet,234011,52,True,234011,0,0,0,971,241,241,0,0
513230.SH.parquet,261244,49,True,261244,0,0,0,1084,241,241,0,0
513240.SH.parquet,12050,52,True,12050,0,0,0,50,241,241,0,0
513260.SH.parquet,224130,49,True,224130,0,0,0,930,241,241,0,0
513280.SH.parquet,233770,49,True,233770,0,0,0,970,241,241,0,0
513290.SH.parquet,226540,52,True,226540,0,0,0,940,241,241,0,0
513300.SH.parquet,333062,52,True,333062,0,0,0,1382,241,241,0,0
513310.SH.parquet,207983,52,True,207983,0,0,0,863,241,241,0,0
513320.SH.parquet,252809,49,True,252809,0,0,0,1049,241,241,0,0
513330.SH.parquet,317156,49,True,317156,0,0,0,1316,241,241,0,0
513350.SH.parquet,153758,52,True,153758,0,0,0,638,241,241,0,0
513360.SH.parquet,297153,52,True,297153,0,0,0,1233,241,241,0,0
513380.SH.parquet,244856,49,True,244856,0,0,0,1016,241,241,0,0
513390.SH.parquet,187016,52,True,187016,0,0,0,776,241,241,0,0
513400.SH.parquet,142431,52,True,142431,0,0,0,591,241,241,0,0
513500.SH.parquet,732399,52,True,732399,0,0,0,3039,241,241,0,0
513520.SH.parquet,413074,52,True,413074,0,0,0,1714,241,241,0,0
513530.SH.parquet,247266,49,True,247266,0,0,0,1026,241,241,0,0
513550.SH.parquet,321494,49,True,321494,0,0,0,1334,241,241,0,0
513560.SH.parquet,200512,49,True,200512,0,0,0,832,241,241,0,0
513580.SH.parquet,300527,49,True,300527,0,0,0,1247,241,241,0,0
513590.SH.parquet,286308,49,True,286308,0,0,0,1188,241,241,0,0
513600.SH.parquet,671908,49,True,671908,0,0,0,2788,241,241,0,0
513620.SH.parquet,10604,52,True,10604,0,0,0,44,241,241,0,0
513630.SH.parquet,151830,52,True,151830,0,0,0,630,241,241,0,0
513650.SH.parquet,191836,52,True,191836,0,0,0,796,241,241,0,0
513660.SH.parquet,671908,49,True,671908,0,0,0,2788,241,241,0,0
513690.SH.parquet,301732,49,True,301732,0,0,0,1252,241,241,0,0
513700.SH.parquet,288477,49,True,288477,0,0,0,1197,241,241,0,0
513720.SH.parquet,30125,52,True,30125,0,0,0,125,241,241,0,0
513730.SH.parquet,153035,52,True,153035,0,0,0,635,241,241,0,0
513750.SH.parquet,153999,52,True,153999,0,0,0,639,241,241,0,0
513770.SH.parquet,257870,49,True,257870,0,0,0,1070,241,241,0,0
513780.SH.parquet,101220,52,True,101220,0,0,0,420,241,241,0,0
513800.SH.parquet,413074,52,True,413074,0,0,0,1714,241,241,0,0
513810.SH.parquet,167254,49,True,167254,0,0,0,694,241,241,0,0
513820.SH.parquet,127248,52,True,127248,0,0,0,528,241,241,0,0
513830.SH.parquet,80012,52,True,80012,0,0,0,332,241,241,0,0
513850.SH.parquet,155445,52,True,155445,0,0,0,645,241,241,0,0
513860.SH.parquet,294502,49,True,294502,0,0,0,1222,241,241,0,0
513870.SH.parquet,158096,52,True,158096,0,0,0,656,241,241,0,0
513880.SH.parquet,413074,52,True,413074,0,0,0,1714,241,241,0,0
513890.SH.parquet,253532,49,True,253532,0,0,0,1052,241,241,0,0
513900.SH.parquet,476457,49,True,476457,0,0,0,1977,241,241,0,0
513910.SH.parquet,138816,52,True,138816,0,0,0,576,241,241,0,0
513920.SH.parquet,147251,52,True,147251,0,0,0,611,241,241,0,0
513930.SH.parquet,20003,52,True,20003,0,0,0,83,241,241,0,0
513950.SH.parquet,187739,52,True,187739,0,0,0,779,241,241,0,0
513960.SH.parquet,154240,49,True,154240,0,0,0,640,241,241,0,0
513970.SH.parquet,188944,49,True,188944,0,0,0,784,241,241,0,0
513980.SH.parquet,294502,49,True,294502,0,0,0,1222,241,241,0,0
513990.SH.parquet,345353,49,True,345353,0,0,0,1433,241,241,0,0
518600.SH.parquet,347522,52,True,347522,0,0,0,1442,241,241,0,0
518660.SH.parquet,358608,52,True,358608,0,0,0,1488,241,241,0,0
518680.SH.parquet,348968,52,True,348968,0,0,0,1448,241,241,0,0
518800.SH.parquet,759873,52,True,759873,0,0,0,3153,241,241,0,0
518850.SH.parquet,357403,52,True,357403,0,0,0,1483,241,241,0,0
518860.SH.parquet,341979,52,True,341979,0,0,0,1419,241,241,0,0
518880.SH.parquet,759873,52,True,759873,0,0,0,3153,241,241,0,0
518890.SH.parquet,338364,52,True,338364,0,0,0,1404,241,241,0,0
520500.SH.parquet,90375,52,True,90375,0,0,0,375,241,241,0,0
520510.SH.parquet,54948,52,True,54948,0,0,0,228,241,241,0,0
520520.SH.parquet,100015,52,True,100015,0,0,0,415,241,241,0,0
520530.SH.parquet,35427,52,True,35427,0,0,0,147,241,241,0,0
520550.SH.parquet,85796,52,True,85796,0,0,0,356,241,241,0,0
520560.SH.parquet,45067,52,True,45067,0,0,0,187,241,241,0,0
520570.SH.parquet,39042,52,True,39042,0,0,0,162,241,241,0,0
520580.SH.parquet,82663,52,True,82663,0,0,0,343,241,241,0,0
520590.SH.parquet,36632,52,True,36632,0,0,0,152,241,241,0,0
520600.SH.parquet,90134,52,True,90134,0,0,0,374,241,241,0,0
520610.SH.parquet,25064,52,True,25064,0,0,0,104,241,241,0,0
520620.SH.parquet,53020,52,True,53020,0,0,0,220,241,241,0,0
520630.SH.parquet,33017,52,True,33017,0,0,0,137,241,241,0,0
520650.SH.parquet,40247,52,True,40247,0,0,0,167,241,241,0,0
520660.SH.parquet,118090,52,True,118090,0,0,0,490,241,241,0,0
520670.SH.parquet,53020,52,True,53020,0,0,0,220,241,241,0,0
520680.SH.parquet,18557,52,True,18557,0,0,0,77,241,241,0,0
520690.SH.parquet,55912,52,True,55912,0,0,0,232,241,241,0,0
520700.SH.parquet,103389,52,True,103389,0,0,0,429,241,241,0,0
520710.SH.parquet,8194,52,True,8194,0,0,0,34,241,241,0,0
520720.SH.parquet,46513,52,True,46513,0,0,0,193,241,241,0,0
520730.SH.parquet,10845,52,True,10845,0,0,0,45,241,241,0,0
520750.SH.parquet,1446,52,True,1446,0,0,0,6,241,241,0,0
520760.SH.parquet,22895,52,True,22895,0,0,0,95,241,241,0,0
520770.SH.parquet,27474,52,True,27474,0,0,0,114,241,241,0,0
520780.SH.parquet,31812,52,True,31812,0,0,0,132,241,241,0,0
520790.SH.parquet,18075,52,True,18075,0,0,0,75,241,241,0,0
520810.SH.parquet,29884,52,True,29884,0,0,0,124,241,241,0,0
520820.SH.parquet,34222,52,True,34222,0,0,0,142,241,241,0,0
520830.SH.parquet,117126,52,True,117126,0,0,0,486,241,241,0,0
520840.SH.parquet,52056,52,True,52056,0,0,0,216,241,241,0,0
520850.SH.parquet,28679,52,True,28679,0,0,0,119,241,241,0,0
520860.SH.parquet,57117,52,True,57117,0,0,0,237,241,241,0,0
520870.SH.parquet,39524,52,True,39524,0,0,0,164,241,241,0,0
520880.SH.parquet,60491,52,True,60491,0,0,0,251,241,241,0,0
520890.SH.parquet,106040,52,True,106040,0,0,0,440,241,241,0,0
520900.SH.parquet,118090,52,True,118090,0,0,0,490,241,241,0,0
520910.SH.parquet,26269,52,True,26269,0,0,0,109,241,241,0,0
520920.SH.parquet,45790,52,True,45790,0,0,0,190,241,241,0,0
520930.SH.parquet,23859,52,True,23859,0,0,0,99,241,241,0,0
520940.SH.parquet,65311,52,True,65311,0,0,0,271,241,241,0,0
520950.SH.parquet,37596,52,True,37596,0,0,0,156,241,241,0,0
520960.SH.parquet,41693,52,True,41693,0,0,0,173,241,241,0,0
520970.SH.parquet,54948,52,True,54948,0,0,0,228,241,241,0,0
520980.SH.parquet,61214,52,True,61214,0,0,0,254,241,241,0,0
520990.SH.parquet,118090,52,True,118090,0,0,0,490,241,241,0,0
526000.SH.parquet,16147,52,True,16147,0,0,0,67,241,241,0,0
526010.SH.parquet,14942,52,True,14942,0,0,0,62,241,241,0,0
526030.SH.parquet,3856,52,True,3856,0,0,0,16,241,241,0,0
526050.SH.parquet,12773,52,True,12773,0,0,0,53,241,241,0,0
526070.SH.parquet,8435,52,True,8435,0,0,0,35,241,241,0,0
551000.SH.parquet,58563,52,True,58563,0,0,0,243,241,241,0,0
551030.SH.parquet,58563,52,True,58563,0,0,0,243,241,241,0,0
551060.SH.parquet,46754,52,True,46754,0,0,0,194,241,241,0,0
551300.SH.parquet,46754,52,True,46754,0,0,0,194,241,241,0,0
551500.SH.parquet,58563,52,True,58563,0,0,0,243,241,241,0,0
551510.SH.parquet,46754,52,True,46754,0,0,0,194,241,241,0,0
551520.SH.parquet,46754,52,True,46754,0,0,0,194,241,241,0,0
551550.SH.parquet,58563,52,True,58563,0,0,0,243,241,241,0,0
551560.SH.parquet,46754,52,True,46754,0,0,0,194,241,241,0,0
551580.SH.parquet,46754,52,True,46754,0,0,0,194,241,241,0,0
551800.SH.parquet,46754,52,True,46754,0,0,0,194,241,241,0,0
551900.SH.parquet,58563,52,True,58563,0,0,0,243,241,241,0,0
